{"stats":{"minecraft:mined":{"minecraft:nether_gold_ore":75,"minecraft:tuff":11,"minecraft:spruce_planks":71,"minecraft:deepslate_diamond_ore":1,"minecraft:candle":1,"minecraft:granite":23,"minecraft:nether_bricks":4,"minecraft:chiseled_polished_blackstone":2,"minecraft:grass_block":2,"minecraft:crimson_roots":3,"minecraft:spruce_leaves":28,"minecraft:crimson_fungus":1,"minecraft:nether_wart":23,"minecraft:large_fern":2,"minecraft:polished_blackstone_bricks":1,"minecraft:magma_block":1,"minecraft:glowstone":2,"minecraft:fire":27,"minecraft:cobbled_deepslate":4,"minecraft:andesite":29,"minecraft:gold_block":1,"minecraft:shroomlight":69,"minecraft:deepslate_iron_ore":24,"minecraft:warped_stem":383,"minecraft:wet_sponge":1,"minecraft:stone":261,"minecraft:redstone_wall_torch":1,"minecraft:smithing_table":1,"minecraft:deepslate_redstone_ore":22,"minecraft:blackstone":3,"minecraft:soul_sand":5,"minecraft:crimson_nylium":4,"minecraft:soul_fire":1,"minecraft:basalt":19,"minecraft:crafting_table":2,"minecraft:torch":10,"minecraft:warped_roots":2,"minecraft:tall_grass":1,"minecraft:nether_quartz_ore":15,"minecraft:copper_ore":5,"minecraft:cobblestone":96,"minecraft:lapis_ore":5,"minecraft:deepslate_gold_ore":4,"minecraft:sculk":2,"minecraft:diorite":116,"minecraft:wall_torch":12,"minecraft:warped_wart_block":2202,"minecraft:warped_nylium":4,"minecraft:nether_wart_block":2,"sophisticatedbackpacks:diamond_backpack":1,"minecraft:birch_log":4,"minecraft:sweet_berry_bush":19,"minecraft:spruce_log":949,"minecraft:birch_leaves":5,"minecraft:tnt":2,"minecraft:grass":3,"minecraft:coal_ore":64,"minecraft:gravel":32,"minecraft:sand":2,"minecraft:dirt":1,"minecraft:wither_skeleton_skull":1,"minecraft:netherrack":144,"minecraft:oak_leaves":2,"minecraft:deepslate":215,"minecraft:fern":2},"minecraft:killed":{"alexsmobs:bone_serpent":2,"minecraft:zombified_piglin":15,"minecraft:spider":1,"minecraft:skeleton":14,"minecraft:chicken":1,"alexsmobs:straddler":9,"alexsmobs:soul_vulture":1,"minecraft:magma_cube":82,"minecraft:piglin":6,"minecraft:iron_golem":3,"alexsmobs:stradpole":3,"minecraft:hoglin":2,"alexsmobs:crimson_mosquito":7,"minecraft:zombie":3,"minecraft:wither_skeleton":9,"minecraft:enderman":5,"minecraft:blaze":23},"minecraft:dropped":{"minecraft:golden_boots":3,"minecraft:warped_stem":128,"alexsmobs:straddlite":3,"minecraft:candle":4,"minecraft:wheat_seeds":58,"minecraft:diamond_axe":2,"minecraft:lapis_lazuli":20,"minecraft:tnt":2,"minecraft:ender_pearl":8,"minecraft:diamond":71,"minecraft:crafting_table":1,"minecraft:cooked_porkchop":2,"minecraft:diamond_leggings":1,"minecraft:cobblestone":114,"minecraft:warped_roots":2,"minecraft:spectral_arrow":6,"minecraft:granite":18,"minecraft:stick":2,"minecraft:emerald":45,"minecraft:gold_block":1,"minecraft:lava_bucket":2,"minecraft:diorite":189,"minecraft:sponge":15,"minecraft:torch":2,"minecraft:diamond_helmet":1,"minecraft:wet_sponge":1,"minecraft:gold_nugget":53,"minecraft:sand":2,"minecraft:redstone":108,"minecraft:gold_ingot":86,"minecraft:bone":11,"minecraft:gravel":34,"minecraft:sweet_berries":19,"minecraft:blackstone":24,"minecraft:ancient_debris":5,"minecraft:nether_wart":8,"minecraft:blaze_rod":19,"minecraft:cobbled_deepslate":569,"advancednetherite:netherite_gold_sword":1,"minecraft:twisting_vines":5,"minecraft:tuff":122,"alexscaves:cave_tablet":3,"minecraft:rotten_flesh":4,"minecraft:wither_skeleton_skull":4,"minecraft:nether_brick_fence":1,"minecraft:nether_bricks":31,"alexsmobs:bone_serpent_tooth":2,"sophisticatedbackpacks:diamond_backpack":1,"minecraft:poppy":2,"alexsmobs:lobster_bucket":1,"alexsmobs:blood_sac":6,"minecraft:shroomlight":46,"minecraft:shield":1,"minecraft:diamond_chestplate":1,"minecraft:spruce_planks":1,"minecraft:leather_boots":1,"minecraft:chest":66,"minecraft:redstone_torch":1,"minecraft:leather_leggings":1,"minecraft:diamond_boots":1,"minecraft:spruce_log":640,"minecraft:basalt":84,"minecraft:arrow":4,"minecraft:warped_wart_block":385,"minecraft:raw_gold":9,"minecraft:magma_cream":2,"minecraft:quartz":9,"minecraft:netherrack":127},"minecraft:used":{"minecraft:stone_sword":3,"minecraft:spruce_planks":1768,"minecraft:shield":72,"minecraft:iron_sword":190,"minecraft:wooden_shovel":5,"minecraft:rotten_flesh":4,"minecraft:netherrack":354,"minecraft:iron_chestplate":1,"minecraft:torch":63,"minecraft:soul_sand":5,"minecraft:warped_wart_block":43,"minecraft:nether_bricks":42,"minecraft:diamond_helmet":1,"minecraft:tuff":46,"minecraft:warped_nylium":2,"minecraft:iron_helmet":1,"minecraft:iron_boots":1,"minecraft:diamond_chestplate":1,"minecraft:basalt":6,"minecraft:sweet_berries":110,"minecraft:cobbled_deepslate":12,"minecraft:iron_leggings":1,"minecraft:golden_boots":1,"minecraft:wheat_seeds":70,"minecraft:warped_stem":5,"minecraft:diorite":2,"minecraft:diamond_boots":1,"minecraft:wither_skeleton_skull":1,"minecraft:stone_pickaxe":21,"minecraft:blackstone":46,"minecraft:diamond_axe":204,"minecraft:crafting_table":4,"minecraft:crossbow":19,"minecraft:sponge":1,"minecraft:spruce_log":222,"minecraft:redstone_torch":2,"minecraft:chicken":1,"minecraft:bread":137,"minecraft:iron_pickaxe":1183,"minecraft:netherite_axe":4010,"withersweapons:diablow":48,"minecraft:gravel":5,"minecraft:purple_bed":1,"minecraft:cobblestone":357,"minecraft:smithing_table":1,"minecraft:cooked_porkchop":3,"minecraft:bucket":1,"alexsmobs:animal_dictionary":1,"minecraft:candle":1},"minecraft:broken":{"minecraft:golden_boots":1,"minecraft:shield":1,"minecraft:iron_pickaxe":3},"minecraft:picked_up":{"minecraft:crafting_table":3,"minecraft:iron_chestplate":1,"minecraft:nether_wart":8,"minecraft:nether_brick_fence":1,"minecraft:chicken":1,"minecraft:leather_leggings":1,"minecraft:smithing_table":1,"alexscaves:cave_tablet":2,"minecraft:gold_block":1,"minecraft:enchanted_book":2,"alexsmobs:bone_serpent_tooth":2,"minecraft:shield":1,"minecraft:golden_sword":1,"minecraft:raw_copper":106,"minecraft:netherite_ingot":1,"minecraft:shroomlight":46,"minecraft:blackstone":173,"sophisticatedbackpacks:advanced_filter_upgrade":1,"alexsmobs:blood_sac":7,"minecraft:diamond_leggings":2,"minecraft:candle":5,"minecraft:gold_nugget":274,"minecraft:cobbled_deepslate":625,"minecraft:bucket":1,"minecraft:spruce_planks":430,"minecraft:redstone_torch":1,"minecraft:iron_pickaxe":1,"minecraft:netherite_upgrade_smithing_template":1,"minecraft:poppy":2,"minecraft:chest":28,"minecraft:birch_sapling":1,"minecraft:iron_boots":1,"minecraft:stick":153,"minecraft:raw_iron":34,"sophisticatedbackpacks:auto_smoking_upgrade":1,"minecraft:torch":66,"alexsmobs:straddlite":3,"alexsmobs:lobster_bucket":1,"minecraft:polished_blackstone_bricks":18,"minecraft:diorite":203,"minecraft:redstone":110,"sophisticatedbackpacks:stack_upgrade_tier_3":1,"minecraft:stone_sword":1,"minecraft:arrow":71,"minecraft:rotten_flesh":15,"minecraft:diamond_chestplate":2,"minecraft:nether_bricks":73,"minecraft:diamond_boots":2,"minecraft:gold_ingot":11,"sophisticatedbackpacks:copper_backpack":1,"sophisticatedbackpacks:advanced_tool_swapper_upgrade":1,"minecraft:blaze_rod":10,"minecraft:birch_log":2,"sophisticatedbackpacks:advanced_magnet_upgrade":1,"minecraft:cobblestone":654,"minecraft:wet_sponge":1,"minecraft:sponge":16,"minecraft:basalt":158,"minecraft:magma_cream":5,"minecraft:andesite":83,"minecraft:leather":1,"minecraft:flint":2,"minecraft:tuff":255,"minecraft:nether_wart_block":2,"minecraft:wither_skeleton_skull":5,"minecraft:lapis_lazuli":58,"minecraft:dirt":1,"minecraft:twisting_vines":5,"minecraft:leather_boots":1,"advancednetherite:netherite_gold_sword":1,"minecraft:bone":20,"minecraft:wheat_seeds":128,"minecraft:warped_stem":134,"minecraft:raw_gold":9,"minecraft:iron_ingot":29,"minecraft:diamond_helmet":2,"minecraft:iron_sword":1,"minecraft:soul_sand":11,"sophisticatedbackpacks:diamond_backpack":2,"minecraft:cooked_porkchop":5,"minecraft:chiseled_polished_blackstone":1,"minecraft:sweet_berries":151,"minecraft:warped_wart_block":416,"minecraft:quartz":26,"minecraft:gravel":57,"minecraft:lava_bucket":1,"minecraft:sand":2,"minecraft:spruce_sapling":228,"minecraft:spruce_log":1326,"minecraft:spectral_arrow":6,"withersweapons:diablow":1,"minecraft:purple_bed":1,"minecraft:diamond":76,"minecraft:granite":22,"minecraft:cracked_polished_blackstone_bricks":1,"minecraft:crossbow":1,"minecraft:diamond_axe":3,"minecraft:warped_roots":2,"minecraft:bread":132,"minecraft:emerald":45,"minecraft:warped_nylium":2,"minecraft:netherrack":2320,"minecraft:coal":77,"minecraft:crimson_roots":10,"minecraft:ender_pearl":8},"minecraft:custom":{"minecraft:interact_with_smithing_table":4,"minecraft:interact_with_anvil":9,"minecraft:mob_kills":192,"minecraft:interact_with_crafting_table":28,"minecraft:open_barrel":1,"minecraft:leave_game":6,"minecraft:time_since_death":427,"minecraft:climb_one_cm":4353,"minecraft:sprint_one_cm":1007708,"minecraft:walk_one_cm":2245562,"minecraft:damage_blocked_by_shield":3380,"minecraft:drop":564,"minecraft:talked_to_villager":68,"minecraft:play_time":621836,"minecraft:strider_one_cm":706,"minecraft:sneak_time":1680,"minecraft:deaths":25,"minecraft:walk_under_water_one_cm":73634,"minecraft:boat_one_cm":150544,"minecraft:jump":7062,"minecraft:interact_with_blast_furnace":6,"minecraft:walk_on_water_one_cm":126725,"minecraft:total_world_time":621836,"minecraft:traded_with_villager":5,"minecraft:interact_with_grindstone":5,"minecraft:sleep_in_bed":1,"minecraft:time_since_rest":456,"minecraft:damage_taken":13846,"minecraft:damage_dealt":19086,"minecraft:fly_one_cm":668253,"minecraft:open_chest":168,"minecraft:crouch_one_cm":3238,"minecraft:inspect_dispenser":1,"minecraft:fall_one_cm":227904},"minecraft:killed_by":{"alexsmobs:bone_serpent":1,"minecraft:player":3,"minecraft:enderman":1,"minecraft:zombie":2},"minecraft:crafted":{"minecraft:netherite_axe":1,"minecraft:diamond_helmet":1,"minecraft:stone_pickaxe":1,"minecraft:chest":38,"minecraft:golden_boots":3,"minecraft:wooden_shovel":1,"minecraft:emerald":5,"minecraft:crafting_table":2,"minecraft:spruce_planks":1678,"minecraft:iron_helmet":1,"minecraft:shield":2,"minecraft:stick":26,"minecraft:iron_pickaxe":3,"minecraft:gold_ingot":14,"minecraft:iron_leggings":1,"minecraft:redstone_torch":2}},"DataVersion":3465}