{"stats":{"minecraft:used":{"minecraft:spruce_slab":2,"minecraft:elytra":1,"minecraft:shield":119,"minecraft:iron_sword":411,"minecraft:rotten_flesh":4,"minecraft:iron_chestplate":1,"minecraft:soul_sand":5,"minecraft:nether_bricks":42,"minecraft:tuff":46,"minecraft:stripped_spruce_log":1,"minecraft:spruce_boat":6,"minecraft:warped_nylium":2,"minecraft:iron_helmet":1,"minecraft:sweet_berries":167,"minecraft:golden_boots":1,"minecraft:diorite":13,"minecraft:diamond_boots":4,"minecraft:wither_skeleton_skull":1,"minecraft:chorus_fruit":1,"minecraft:stone_pickaxe":21,"minecraft:ender_pearl":27,"minecraft:blackstone":46,"minecraft:diamond_axe":981,"minecraft:purpur_pillar":1,"minecraft:sand":2,"withersweapons:stone_blade":186,"minecraft:crossbow":23,"minecraft:sponge":1,"minecraft:redstone_torch":2,"minecraft:bread":212,"minecraft:lectern":43,"withersweapons:diablow":108,"minecraft:gravel":19,"minecraft:smithing_table":1,"minecraft:oak_boat":1,"minecraft:stone_sword":3,"minecraft:spruce_planks":1871,"minecraft:wooden_shovel":5,"minecraft:netherrack":383,"minecraft:torch":94,"minecraft:dirt":35,"minecraft:warped_wart_block":43,"minecraft:diamond_helmet":3,"alexsmobs:capsid":6,"minecraft:iron_boots":1,"minecraft:diamond_chestplate":4,"minecraft:basalt":77,"minecraft:golden_carrot":3,"minecraft:cobbled_deepslate":25,"minecraft:iron_leggings":1,"minecraft:wheat_seeds":231,"minecraft:warped_stem":5,"minecraft:cobblestone_stairs":3,"minecraft:birch_planks":25,"minecraft:birch_boat":15,"minecraft:cobblestone_slab":5,"minecraft:crafting_table":4,"minecraft:spruce_log":266,"minecraft:wooden_hoe":5,"minecraft:ender_eye":1,"minecraft:chicken":1,"minecraft:iron_pickaxe":1632,"minecraft:netherite_axe":5052,"minecraft:cobblestone":748,"minecraft:potion":1,"minecraft:purple_bed":1,"minecraft:cooked_porkchop":3,"minecraft:bucket":1,"alexsmobs:animal_dictionary":1,"minecraft:diamond_leggings":2,"minecraft:candle":1},"minecraft:crafted":{"minecraft:birch_boat":5,"minecraft:cobblestone_stairs":2,"minecraft:diamond_helmet":1,"minecraft:chest":38,"minecraft:golden_boots":3,"minecraft:wooden_shovel":3,"minecraft:arrow":32,"minecraft:emerald":229,"minecraft:diamond_axe":1,"minecraft:crafting_table":2,"minecraft:spruce_planks":5022,"minecraft:iron_helmet":1,"minecraft:birch_planks":116,"minecraft:wooden_hoe":1,"minecraft:shield":2,"minecraft:stick":6698,"minecraft:iron_ingot":6,"minecraft:iron_pickaxe":3,"minecraft:gold_ingot":14,"minecraft:redstone_torch":2,"minecraft:netherite_axe":1,"minecraft:stone_pickaxe":1,"minecraft:iron_leggings":1,"minecraft:torch":12},"minecraft:broken":{"minecraft:golden_boots":1,"minecraft:shield":1,"minecraft:iron_pickaxe":4},"minecraft:mined":{"minecraft:spruce_planks":88,"minecraft:cobblestone_stairs":2,"minecraft:brewing_stand":1,"minecraft:granite":29,"minecraft:chiseled_polished_blackstone":2,"minecraft:grass_block":37,"minecraft:purpur_slab":1,"minecraft:frosted_ice":2,"minecraft:crimson_fungus":1,"minecraft:nether_wart":23,"minecraft:spawner":3,"minecraft:polished_blackstone_bricks":1,"minecraft:magma_block":1,"minecraft:glowstone":2,"minecraft:iron_ore":17,"minecraft:cobbled_deepslate":7,"minecraft:fire":31,"minecraft:deepslate_lapis_ore":3,"minecraft:end_stone_bricks":4,"minecraft:spruce_slab":2,"minecraft:deepslate_redstone_ore":22,"minecraft:blackstone":3,"minecraft:crimson_nylium":4,"minecraft:soul_fire":1,"minecraft:torch":15,"minecraft:nether_quartz_ore":15,"minecraft:cobblestone":152,"alexsmobs:capsid":6,"minecraft:iron_door":17,"minecraft:wall_torch":24,"minecraft:warped_nylium":4,"sophisticatedbackpacks:diamond_backpack":1,"minecraft:nether_wart_block":2,"minecraft:birch_log":32,"minecraft:wheat":157,"minecraft:tnt":2,"minecraft:purpur_block":7,"minecraft:smooth_stone_slab":1,"minecraft:grass":4,"minecraft:oak_log":44,"minecraft:sand":4,"minecraft:dirt":20,"minecraft:wither_skeleton_skull":1,"minecraft:netherrack":155,"minecraft:oak_leaves":8,"minecraft:deepslate":228,"minecraft:nether_gold_ore":75,"minecraft:tuff":11,"minecraft:deepslate_diamond_ore":1,"minecraft:candle":1,"minecraft:nether_bricks":4,"minecraft:stone_button":1,"minecraft:crimson_roots":3,"minecraft:spruce_leaves":77,"minecraft:kelp":2,"minecraft:large_fern":6,"minecraft:andesite":42,"minecraft:stripped_spruce_log":1,"minecraft:gold_block":1,"minecraft:cobblestone_slab":3,"minecraft:deepslate_iron_ore":34,"minecraft:shroomlight":69,"minecraft:warped_stem":383,"minecraft:wet_sponge":1,"minecraft:chorus_plant":18,"minecraft:stone":438,"minecraft:redstone_wall_torch":1,"minecraft:smithing_table":1,"minecraft:soul_sand":5,"minecraft:magenta_stained_glass":3,"minecraft:basalt":26,"minecraft:crafting_table":2,"minecraft:warped_roots":2,"minecraft:lectern":56,"minecraft:purpur_pillar":2,"minecraft:tall_grass":1,"minecraft:copper_ore":5,"minecraft:lapis_ore":5,"minecraft:deepslate_gold_ore":4,"minecraft:sculk":2,"minecraft:diorite":127,"minecraft:warped_wart_block":2202,"minecraft:sweet_berry_bush":38,"minecraft:spruce_log":2139,"minecraft:birch_leaves":6,"minecraft:bee_nest":1,"minecraft:coal_ore":128,"minecraft:end_rod":3,"minecraft:gravel":49,"minecraft:stone_bricks":1,"minecraft:fern":5},"minecraft:custom":{"minecraft:interact_with_crafting_table":59,"minecraft:open_barrel":1,"minecraft:leave_game":9,"minecraft:time_since_death":249424,"minecraft:sprint_one_cm":1814590,"minecraft:damage_blocked_by_shield":5455,"minecraft:drop":965,"minecraft:talked_to_villager":341,"minecraft:play_time":1029747,"minecraft:deaths":33,"minecraft:jump":10927,"minecraft:interact_with_brewingstand":1,"minecraft:walk_on_water_one_cm":181890,"minecraft:traded_with_villager":232,"minecraft:sleep_in_bed":8,"minecraft:open_enderchest":1,"minecraft:damage_dealt":49138,"minecraft:crouch_one_cm":11714,"minecraft:inspect_dispenser":3,"minecraft:interact_with_smithing_table":4,"minecraft:interact_with_anvil":15,"minecraft:mob_kills":314,"minecraft:damage_dealt_resisted":429,"minecraft:climb_one_cm":8975,"minecraft:walk_one_cm":3484862,"minecraft:damage_dealt_absorbed":160,"minecraft:strider_one_cm":706,"minecraft:sneak_time":4203,"minecraft:walk_under_water_one_cm":147245,"minecraft:boat_one_cm":598761,"minecraft:interact_with_blast_furnace":7,"minecraft:total_world_time":1029747,"minecraft:interact_with_grindstone":6,"minecraft:interact_with_stonecutter":4,"minecraft:time_since_rest":686,"minecraft:damage_taken":20004,"minecraft:swim_one_cm":3743,"minecraft:fly_one_cm":3260504,"minecraft:open_chest":237,"minecraft:aviate_one_cm":19796,"minecraft:fall_one_cm":354795},"minecraft:killed_by":{"minecraft:zombie":3,"alexsmobs:bone_serpent":1,"minecraft:player":3,"minecraft:enderman":1,"minecraft:ender_dragon":1},"minecraft:dropped":{"minecraft:warped_stem":128,"alexsmobs:straddlite":3,"minecraft:candle":4,"minecraft:brown_mushroom":4,"minecraft:diamond_axe":2,"minecraft:lapis_lazuli":20,"minecraft:chorus_fruit":64,"minecraft:glass_bottle":1,"minecraft:ender_pearl":10,"minecraft:diamond":71,"minecraft:crafting_table":1,"minecraft:cooked_porkchop":2,"minecraft:warped_roots":2,"minecraft:emerald":272,"minecraft:gold_block":1,"minecraft:dirt":11,"minecraft:gold_nugget":53,"minecraft:wet_sponge":1,"minecraft:sand":2,"minecraft:gold_ingot":86,"minecraft:bone":11,"minecraft:gravel":34,"minecraft:purpur_block":4,"minecraft:blackstone":24,"minecraft:ancient_debris":5,"minecraft:cobbled_deepslate":570,"minecraft:twisting_vines":5,"alexscaves:cave_tablet":3,"minecraft:birch_sapling":6,"minecraft:rotten_flesh":7,"minecraft:diamond_shovel":1,"minecraft:end_stone":1,"minecraft:nether_brick_fence":1,"minecraft:azure_bluet":1,"alexsmobs:bone_serpent_tooth":2,"sophisticatedbackpacks:diamond_backpack":2,"minecraft:poppy":2,"alexsmobs:blood_sac":6,"withersweapons:stone_blade":3,"alexsmobs:lobster_bucket":1,"minecraft:leather_boots":1,"minecraft:chest":66,"minecraft:leather_leggings":3,"minecraft:basalt":84,"minecraft:arrow":14,"minecraft:warped_wart_block":385,"minecraft:quartz":9,"minecraft:netherrack":127,"minecraft:golden_boots":4,"minecraft:wheat_seeds":58,"minecraft:tnt":2,"minecraft:diamond_leggings":3,"minecraft:netherite_axe":1,"minecraft:iron_helmet":1,"minecraft:cobblestone":267,"minecraft:spectral_arrow":6,"minecraft:granite":18,"minecraft:stick":29,"minecraft:lava_bucket":2,"minecraft:diorite":189,"minecraft:brewing_stand":1,"minecraft:ink_sac":1,"minecraft:sponge":15,"minecraft:torch":2,"minecraft:diamond_helmet":3,"minecraft:potion":1,"minecraft:iron_leggings":1,"alexscaves:toxic_paste":1,"minecraft:spruce_sapling":126,"minecraft:redstone":108,"minecraft:sweet_berries":19,"minecraft:nether_wart":8,"minecraft:blaze_rod":19,"advancednetherite:netherite_gold_sword":1,"minecraft:tuff":122,"minecraft:raw_iron":4,"alexsmobs:mimicream":2,"minecraft:wither_skeleton_skull":4,"minecraft:nether_bricks":31,"minecraft:shroomlight":46,"minecraft:shield":1,"minecraft:diamond_chestplate":2,"minecraft:spruce_planks":16,"minecraft:andesite":14,"minecraft:oak_sapling":3,"minecraft:redstone_torch":1,"minecraft:spruce_log":1344,"minecraft:diamond_boots":2,"minecraft:bow":1,"minecraft:raw_gold":9,"minecraft:magma_cream":2},"minecraft:killed":{"minecraft:zombified_piglin":15,"minecraft:spider":7,"alexsmobs:enderiophage":2,"minecraft:shulker":4,"minecraft:skeleton":26,"minecraft:chicken":1,"minecraft:silverfish":1,"alexsmobs:straddler":9,"minecraft:magma_cube":82,"minecraft:piglin":6,"minecraft:pig":1,"minecraft:zombie_villager":1,"minecraft:iron_golem":3,"alexsmobs:stradpole":3,"minecraft:creeper":8,"alexsmobs:crimson_mosquito":7,"alexsmobs:endergrade":1,"minecraft:trader_llama":2,"minecraft:zombie":13,"minecraft:cow":1,"minecraft:blaze":23,"alexsmobs:bone_serpent":2,"alexsmobs:mimicube":2,"minecraft:slime":2,"minecraft:phantom":1,"alexsmobs:soul_vulture":1,"minecraft:bat":2,"minecraft:wandering_trader":1,"minecraft:hoglin":2,"minecraft:wither_skeleton":9,"minecraft:enderman":68},"minecraft:picked_up":{"minecraft:shulker_shell":2,"minecraft:iron_chestplate":1,"minecraft:wheat":154,"minecraft:nether_brick_fence":1,"minecraft:smithing_table":1,"minecraft:lead":1,"alexscaves:cave_tablet":2,"minecraft:enchanted_book":5,"alexsmobs:bone_serpent_tooth":2,"minecraft:brewing_stand":1,"minecraft:golden_sword":1,"minecraft:string":1,"minecraft:raw_copper":106,"minecraft:netherite_ingot":1,"sophisticatedbackpacks:advanced_filter_upgrade":1,"minecraft:shroomlight":46,"alexsmobs:blood_sac":7,"minecraft:diamond_leggings":3,"minecraft:gold_nugget":274,"minecraft:cobbled_deepslate":639,"minecraft:bucket":1,"minecraft:spruce_planks":460,"minecraft:redstone_torch":1,"minecraft:cobblestone_slab":5,"minecraft:ender_eye":1,"minecraft:netherite_upgrade_smithing_template":1,"minecraft:iron_pickaxe":2,"minecraft:iron_boots":1,"minecraft:stick":343,"minecraft:torch":85,"minecraft:purpur_pillar":1,"minecraft:porkchop":3,"alexsmobs:lobster_bucket":1,"minecraft:diorite":214,"sophisticatedbackpacks:stack_upgrade_tier_3":1,"withersweapons:stone_blade":3,"minecraft:stone_sword":1,"minecraft:rotten_flesh":33,"alexsmobs:capsid":7,"sophisticatedbackpacks:advanced_tool_swapper_upgrade":1,"minecraft:blaze_rod":10,"minecraft:cobblestone":881,"minecraft:sponge":16,"minecraft:birch_log":29,"minecraft:magma_cream":5,"minecraft:iron_door":13,"minecraft:andesite":117,"minecraft:flint":4,"minecraft:tuff":256,"minecraft:wither_skeleton_skull":5,"minecraft:lapis_lazuli":103,"minecraft:dirt":50,"minecraft:twisting_vines":5,"minecraft:leather_boots":1,"advancednetherite:netherite_gold_sword":1,"minecraft:bone":28,"minecraft:bow":1,"minecraft:wheat_seeds":550,"alexscaves:toxic_paste":1,"minecraft:raw_gold":9,"minecraft:netherite_axe":1,"minecraft:diamond_helmet":3,"minecraft:chiseled_polished_blackstone":1,"minecraft:cooked_porkchop":5,"minecraft:warped_wart_block":416,"minecraft:sand":4,"minecraft:stripped_spruce_log":1,"minecraft:ink_sac":1,"minecraft:spectral_arrow":6,"withersweapons:diablow":1,"minecraft:spruce_boat":6,"alexsmobs:mimicream":2,"minecraft:diamond":102,"minecraft:cracked_polished_blackstone_bricks":1,"minecraft:crossbow":1,"minecraft:granite":28,"minecraft:emerald":64,"minecraft:chainmail_helmet":1,"minecraft:bread":215,"minecraft:oak_sapling":3,"minecraft:netherrack":2327,"minecraft:chorus_fruit":123,"minecraft:crimson_roots":10,"minecraft:crafting_table":3,"minecraft:azure_bluet":3,"minecraft:chicken":1,"minecraft:nether_wart":8,"minecraft:leather_leggings":3,"minecraft:brown_mushroom":5,"minecraft:gold_block":1,"minecraft:dragon_head":1,"minecraft:purpur_block":8,"minecraft:shield":1,"minecraft:elytra":1,"minecraft:blackstone":173,"minecraft:candle":5,"minecraft:beef":2,"minecraft:oak_boat":1,"minecraft:spruce_slab":2,"minecraft:poppy":2,"minecraft:lectern":43,"minecraft:chest":28,"minecraft:birch_sapling":9,"minecraft:raw_iron":97,"minecraft:end_stone":1,"sophisticatedbackpacks:auto_smoking_upgrade":1,"alexsmobs:straddlite":3,"minecraft:polished_blackstone_bricks":18,"minecraft:redstone":110,"minecraft:arrow":84,"minecraft:diamond_chestplate":3,"minecraft:nether_bricks":73,"minecraft:diamond_boots":3,"minecraft:purpur_slab":1,"minecraft:gold_ingot":11,"sophisticatedbackpacks:copper_backpack":2,"sophisticatedbackpacks:advanced_magnet_upgrade":1,"minecraft:wet_sponge":1,"minecraft:basalt":165,"minecraft:leather":3,"minecraft:oak_log":10,"minecraft:nether_wart_block":2,"minecraft:gunpowder":7,"minecraft:cobblestone_stairs":1,"minecraft:warped_stem":134,"minecraft:iron_ingot":29,"minecraft:iron_sword":1,"minecraft:soul_sand":11,"sophisticatedbackpacks:diamond_backpack":3,"minecraft:birch_boat":12,"minecraft:sweet_berries":299,"minecraft:quartz":26,"minecraft:gravel":72,"minecraft:lava_bucket":1,"minecraft:spruce_sapling":482,"minecraft:spruce_log":2855,"minecraft:purple_bed":1,"minecraft:diamond_axe":3,"minecraft:warped_roots":2,"minecraft:warped_nylium":2,"minecraft:coal":173,"minecraft:ender_pearl":40}},"DataVersion":3465}