{"stats":{"minecraft:crafted":{"minecraft:diamond_helmet":1,"minecraft:stone_pickaxe":1,"minecraft:golden_boots":3,"minecraft:wooden_shovel":1,"minecraft:crafting_table":2,"minecraft:spruce_planks":752,"minecraft:iron_helmet":1,"minecraft:shield":1,"minecraft:stick":10,"minecraft:iron_pickaxe":2,"minecraft:iron_leggings":1,"minecraft:gold_ingot":14,"minecraft:redstone_torch":2},"minecraft:mined":{"minecraft:nether_gold_ore":59,"minecraft:tuff":10,"minecraft:spruce_planks":17,"minecraft:deepslate_diamond_ore":1,"minecraft:candle":1,"minecraft:nether_bricks":4,"minecraft:crimson_roots":3,"minecraft:crimson_fungus":1,"minecraft:nether_wart":14,"minecraft:magma_block":1,"minecraft:glowstone":2,"minecraft:cobbled_deepslate":4,"minecraft:fire":19,"minecraft:andesite":29,"minecraft:deepslate_iron_ore":24,"minecraft:warped_stem":2,"minecraft:redstone_wall_torch":1,"minecraft:deepslate_redstone_ore":22,"minecraft:crimson_nylium":4,"minecraft:basalt":7,"minecraft:crafting_table":1,"minecraft:torch":7,"minecraft:nether_quartz_ore":6,"minecraft:cobblestone":32,"minecraft:deepslate_gold_ore":4,"minecraft:sculk":2,"minecraft:diorite":2,"minecraft:wall_torch":4,"minecraft:warped_wart_block":1,"sophisticatedbackpacks:diamond_backpack":1,"minecraft:nether_wart_block":2,"minecraft:spruce_log":2,"minecraft:tnt":2,"minecraft:coal_ore":23,"minecraft:gravel":8,"minecraft:dirt":1,"minecraft:netherrack":38,"minecraft:deepslate":215},"minecraft:killed_by":{"minecraft:player":1,"minecraft:zombie":1},"minecraft:killed":{"minecraft:zombified_piglin":7,"minecraft:skeleton":3,"minecraft:chicken":1,"alexsmobs:straddler":3,"minecraft:magma_cube":46,"minecraft:iron_golem":3,"alexsmobs:stradpole":3,"alexsmobs:crimson_mosquito":3,"minecraft:zombie":2,"minecraft:wither_skeleton":4,"minecraft:blaze":11},"minecraft:broken":{"minecraft:golden_boots":1,"minecraft:iron_pickaxe":2},"minecraft:picked_up":{"minecraft:crafting_table":2,"minecraft:iron_chestplate":1,"minecraft:chicken":1,"minecraft:leather_leggings":1,"minecraft:golden_sword":1,"minecraft:shield":1,"minecraft:raw_copper":85,"minecraft:blackstone":52,"sophisticatedbackpacks:advanced_filter_upgrade":1,"alexsmobs:blood_sac":3,"minecraft:diamond_leggings":1,"minecraft:candle":5,"minecraft:gold_nugget":226,"minecraft:cobbled_deepslate":625,"minecraft:spruce_planks":184,"minecraft:redstone_torch":1,"minecraft:poppy":2,"minecraft:iron_boots":1,"minecraft:raw_iron":34,"minecraft:stick":3,"sophisticatedbackpacks:auto_smoking_upgrade":1,"minecraft:torch":47,"alexsmobs:straddlite":2,"minecraft:diorite":99,"minecraft:redstone":110,"minecraft:rotten_flesh":8,"sophisticatedbackpacks:stack_upgrade_tier_3":1,"minecraft:stone_sword":1,"minecraft:arrow":3,"minecraft:diamond_chestplate":1,"minecraft:nether_bricks":72,"minecraft:diamond_boots":1,"minecraft:gold_ingot":11,"sophisticatedbackpacks:copper_backpack":1,"sophisticatedbackpacks:advanced_tool_swapper_upgrade":1,"minecraft:blaze_rod":4,"sophisticatedbackpacks:advanced_magnet_upgrade":1,"minecraft:cobblestone":388,"minecraft:basalt":37,"minecraft:magma_cream":3,"minecraft:andesite":83,"minecraft:tuff":254,"minecraft:nether_wart_block":2,"minecraft:lapis_lazuli":20,"minecraft:dirt":1,"minecraft:leather_boots":1,"minecraft:bone":7,"minecraft:wheat_seeds":128,"minecraft:warped_stem":1,"minecraft:raw_gold":9,"minecraft:iron_ingot":29,"minecraft:diamond_helmet":1,"minecraft:iron_sword":1,"minecraft:soul_sand":8,"sophisticatedbackpacks:diamond_backpack":2,"minecraft:sweet_berries":33,"minecraft:warped_wart_block":1,"minecraft:quartz":19,"minecraft:gravel":21,"minecraft:spruce_log":322,"minecraft:spectral_arrow":6,"minecraft:diamond":44,"minecraft:diamond_axe":2,"minecraft:emerald":45,"minecraft:bread":94,"minecraft:netherrack":1400,"minecraft:coal":24,"minecraft:crimson_roots":6,"minecraft:ender_pearl":4},"minecraft:dropped":{"minecraft:golden_boots":3,"alexsmobs:straddlite":2,"minecraft:candle":4,"minecraft:wheat_seeds":58,"minecraft:diamond_axe":1,"minecraft:lapis_lazuli":20,"minecraft:diamond":39,"minecraft:crafting_table":1,"minecraft:cobblestone":114,"minecraft:spectral_arrow":6,"minecraft:stick":2,"minecraft:emerald":45,"minecraft:diorite":99,"minecraft:torch":2,"minecraft:gold_nugget":53,"minecraft:redstone":108,"minecraft:bone":7,"minecraft:gold_ingot":26,"minecraft:gravel":2,"minecraft:sweet_berries":19,"minecraft:ancient_debris":5,"minecraft:blaze_rod":11,"minecraft:cobbled_deepslate":569,"minecraft:tuff":121,"minecraft:rotten_flesh":4,"minecraft:nether_bricks":30,"sophisticatedbackpacks:diamond_backpack":1,"minecraft:poppy":2,"alexsmobs:blood_sac":2,"minecraft:shield":1,"minecraft:spruce_planks":1,"minecraft:leather_boots":1,"minecraft:leather_leggings":1,"minecraft:redstone_torch":1,"minecraft:basalt":30,"minecraft:arrow":3,"minecraft:raw_gold":9,"minecraft:quartz":9,"minecraft:netherrack":70},"minecraft:custom":{"minecraft:mob_kills":90,"minecraft:interact_with_crafting_table":17,"minecraft:open_barrel":1,"minecraft:leave_game":3,"minecraft:time_since_death":1447,"minecraft:climb_one_cm":897,"minecraft:sprint_one_cm":420898,"minecraft:walk_one_cm":1159451,"minecraft:damage_blocked_by_shield":2215,"minecraft:drop":342,"minecraft:talked_to_villager":1,"minecraft:play_time":280808,"minecraft:deaths":15,"minecraft:sneak_time":1199,"minecraft:walk_under_water_one_cm":1207,"minecraft:jump":3350,"minecraft:interact_with_blast_furnace":3,"minecraft:walk_on_water_one_cm":6115,"minecraft:total_world_time":280808,"minecraft:interact_with_grindstone":1,"minecraft:sleep_in_bed":1,"minecraft:time_since_rest":1472,"minecraft:damage_taken":7563,"minecraft:damage_dealt":9285,"minecraft:fly_one_cm":236602,"minecraft:open_chest":11,"minecraft:crouch_one_cm":2836,"minecraft:fall_one_cm":118133},"minecraft:used":{"minecraft:stone_sword":3,"minecraft:spruce_planks":913,"minecraft:shield":51,"minecraft:iron_sword":142,"minecraft:wooden_shovel":5,"minecraft:rotten_flesh":4,"minecraft:netherrack":262,"minecraft:iron_chestplate":1,"minecraft:torch":37,"minecraft:warped_wart_block":1,"minecraft:nether_bricks":42,"minecraft:tuff":46,"minecraft:iron_helmet":1,"minecraft:iron_boots":1,"minecraft:basalt":6,"minecraft:sweet_berries":42,"minecraft:cobbled_deepslate":12,"minecraft:iron_leggings":1,"minecraft:wheat_seeds":70,"minecraft:stone_pickaxe":21,"minecraft:diamond_axe":160,"minecraft:crafting_table":3,"minecraft:spruce_log":41,"minecraft:redstone_torch":2,"minecraft:chicken":1,"minecraft:bread":69,"minecraft:iron_pickaxe":501,"minecraft:gravel":1,"minecraft:cobblestone":50,"alexsmobs:animal_dictionary":1,"minecraft:candle":1}},"DataVersion":3465}