{"stats":{"minecraft:crafted":{"minecraft:wooden_sword":1,"minecraft:oak_planks":20,"minecraft:crafting_table":1,"minecraft:stick":8,"minecraft:wooden_pickaxe":1,"minecraft:stone_pickaxe":1,"minecraft:wooden_axe":1,"minecraft:torch":8},"minecraft:picked_up":{"minecraft:wooden_axe":1,"minecraft:raw_iron":7,"minecraft:iron_chestplate":3,"minecraft:stick":5,"minecraft:crafting_table":2,"minecraft:torch":8,"minecraft:wooden_pickaxe":2,"sophisticatedbackpacks:backpack":3,"minecraft:porkchop":5,"minecraft:oak_log":389,"minecraft:spider_eye":2,"minecraft:string":9,"minecraft:wooden_sword":1,"minecraft:iron_leggings":1,"minecraft:rotten_flesh":2,"minecraft:wheat_seeds":12,"minecraft:granite":1,"minecraft:iron_ingot":14,"minecraft:light_gray_wool":1,"minecraft:oak_sapling":1,"minecraft:mutton":4,"minecraft:coal":52,"minecraft:iron_boots":3,"minecraft:white_wool":3,"minecraft:cobblestone":14,"minecraft:egg":1},"minecraft:custom":{"minecraft:time_since_rest":574,"minecraft:sprint_one_cm":42956,"minecraft:damage_taken":1479,"minecraft:walk_one_cm":71460,"minecraft:mob_kills":14,"minecraft:drop":5,"minecraft:damage_dealt":1796,"minecraft:crouch_one_cm":26,"minecraft:interact_with_crafting_table":6,"minecraft:fly_one_cm":76173,"minecraft:play_time":30034,"minecraft:deaths":5,"minecraft:sneak_time":12,"minecraft:walk_under_water_one_cm":769,"minecraft:jump":356,"minecraft:leave_game":1,"minecraft:walk_on_water_one_cm":10122,"minecraft:time_since_death":549,"minecraft:total_world_time":30034,"minecraft:fall_one_cm":15083},"minecraft:killed_by":{"minecraft:skeleton":1},"minecraft:dropped":{"minecraft:wheat_seeds":3,"minecraft:spider_eye":1,"minecraft:iron_boots":1},"minecraft:mined":{"minecraft:iron_ore":7,"minecraft:granite":1,"minecraft:crafting_table":2,"minecraft:coal_ore":22,"minecraft:grass":23,"minecraft:oak_log":5,"minecraft:tall_grass":1,"minecraft:cobblestone":2,"minecraft:stone":12},"minecraft:killed":{"minecraft:sheep":4,"minecraft:zombie":2,"minecraft:pig":3,"minecraft:spider":4},"minecraft:used":{"minecraft:wooden_axe":2,"minecraft:stone_pickaxe":34,"minecraft:oak_planks":4,"minecraft:wooden_pickaxe":10,"minecraft:iron_boots":1,"minecraft:rotten_flesh":2,"minecraft:iron_chestplate":1,"minecraft:light_gray_wool":1,"minecraft:white_wool":3,"minecraft:wooden_sword":68,"minecraft:cobblestone":11,"minecraft:mutton":4,"minecraft:crafting_table":3,"minecraft:oak_sapling":1,"minecraft:porkchop":5,"minecraft:egg":1,"minecraft:granite":1}},"DataVersion":3465}