{"stats":{"minecraft:picked_up":{"minecraft:crafting_table":1,"minecraft:iron_chestplate":1,"minecraft:basalt":4,"minecraft:andesite":83,"minecraft:leather_leggings":1,"minecraft:golden_sword":1,"minecraft:tuff":254,"minecraft:nether_wart_block":2,"minecraft:shield":1,"minecraft:lapis_lazuli":20,"minecraft:dirt":1,"minecraft:raw_copper":85,"minecraft:leather_boots":1,"minecraft:bone":7,"minecraft:gold_nugget":127,"alexsmobs:blood_sac":2,"minecraft:wheat_seeds":128,"minecraft:candle":5,"minecraft:cobbled_deepslate":625,"minecraft:raw_gold":9,"minecraft:spruce_planks":183,"minecraft:iron_ingot":29,"minecraft:redstone_torch":1,"minecraft:poppy":2,"minecraft:iron_sword":1,"sophisticatedbackpacks:diamond_backpack":2,"minecraft:iron_boots":1,"minecraft:stick":3,"minecraft:raw_iron":34,"minecraft:sweet_berries":33,"minecraft:quartz":9,"minecraft:torch":44,"minecraft:gravel":2,"minecraft:diorite":99,"minecraft:spruce_log":322,"minecraft:redstone":110,"minecraft:stone_sword":1,"minecraft:arrow":3,"minecraft:rotten_flesh":8,"minecraft:diamond":44,"minecraft:emerald":45,"minecraft:bread":30,"minecraft:blaze_rod":2,"minecraft:netherrack":315,"minecraft:coal":24,"minecraft:cobblestone":290},"minecraft:mined":{"minecraft:nether_gold_ore":36,"minecraft:deepslate_redstone_ore":22,"minecraft:tuff":10,"minecraft:spruce_planks":17,"minecraft:deepslate_diamond_ore":1,"minecraft:candle":1,"minecraft:basalt":1,"minecraft:crimson_nylium":3,"minecraft:torch":5,"minecraft:cobblestone":31,"minecraft:deepslate_gold_ore":4,"minecraft:sculk":2,"minecraft:diorite":2,"minecraft:wall_torch":3,"minecraft:glowstone":2,"minecraft:nether_wart_block":2,"sophisticatedbackpacks:diamond_backpack":1,"minecraft:cobbled_deepslate":4,"minecraft:fire":12,"minecraft:spruce_log":2,"minecraft:andesite":29,"minecraft:coal_ore":23,"minecraft:deepslate_iron_ore":24,"minecraft:warped_stem":1,"minecraft:gravel":5,"minecraft:dirt":1,"minecraft:netherrack":11,"minecraft:deepslate":215,"minecraft:redstone_wall_torch":1},"minecraft:broken":{"minecraft:iron_pickaxe":1},"minecraft:killed":{"minecraft:magma_cube":8,"minecraft:zombified_piglin":6,"minecraft:iron_golem":3,"alexsmobs:crimson_mosquito":1,"minecraft:skeleton":3,"minecraft:zombie":2,"minecraft:wither_skeleton":2,"minecraft:blaze":3},"minecraft:dropped":{"minecraft:gravel":2,"minecraft:sweet_berries":19,"minecraft:candle":4,"minecraft:wheat_seeds":58,"minecraft:lapis_lazuli":20,"minecraft:blaze_rod":2,"minecraft:cobbled_deepslate":569,"minecraft:diamond":39,"minecraft:crafting_table":1,"minecraft:tuff":121,"minecraft:cobblestone":1,"minecraft:rotten_flesh":4,"sophisticatedbackpacks:diamond_backpack":1,"minecraft:stick":2,"minecraft:emerald":45,"minecraft:poppy":2,"alexsmobs:blood_sac":2,"minecraft:shield":1,"minecraft:diorite":99,"minecraft:leather_boots":1,"minecraft:leather_leggings":1,"minecraft:redstone_torch":1,"minecraft:arrow":3,"minecraft:raw_gold":9,"minecraft:quartz":9,"minecraft:bone":7,"minecraft:redstone":108},"minecraft:custom":{"minecraft:mob_kills":31,"minecraft:interact_with_crafting_table":11,"minecraft:open_barrel":1,"minecraft:interact_with_grindstone":1,"minecraft:leave_game":2,"minecraft:time_since_death":1843,"minecraft:sleep_in_bed":1,"minecraft:climb_one_cm":897,"minecraft:time_since_rest":1586,"minecraft:sprint_one_cm":273819,"minecraft:damage_taken":3157,"minecraft:walk_one_cm":687039,"minecraft:damage_blocked_by_shield":1620,"minecraft:drop":67,"minecraft:damage_dealt":4167,"minecraft:talked_to_villager":1,"minecraft:fly_one_cm":104200,"minecraft:open_chest":5,"minecraft:crouch_one_cm":588,"minecraft:play_time":163528,"minecraft:deaths":6,"minecraft:sneak_time":411,"minecraft:walk_under_water_one_cm":1207,"minecraft:jump":1525,"minecraft:walk_on_water_one_cm":6115,"minecraft:total_world_time":163528,"minecraft:fall_one_cm":43343},"minecraft:used":{"minecraft:wheat_seeds":70,"minecraft:stone_pickaxe":21,"minecraft:spruce_planks":849,"minecraft:iron_sword":130,"minecraft:shield":34,"minecraft:wooden_shovel":5,"minecraft:netherrack":57,"minecraft:rotten_flesh":1,"minecraft:iron_chestplate":1,"minecraft:torch":34,"minecraft:crafting_table":2,"minecraft:tuff":46,"minecraft:spruce_log":41,"minecraft:redstone_torch":2,"minecraft:bread":29,"minecraft:iron_pickaxe":427,"minecraft:iron_helmet":1,"minecraft:iron_boots":1,"minecraft:basalt":3,"minecraft:cobblestone":1,"minecraft:sweet_berries":42,"alexsmobs:animal_dictionary":1,"minecraft:cobbled_deepslate":12,"minecraft:candle":1,"minecraft:iron_leggings":1},"minecraft:killed_by":{"minecraft:player":1,"minecraft:zombie":1},"minecraft:crafted":{"minecraft:wooden_shovel":1,"minecraft:crafting_table":2,"minecraft:spruce_planks":752,"minecraft:iron_helmet":1,"minecraft:diamond_helmet":1,"minecraft:shield":1,"minecraft:stick":10,"minecraft:iron_pickaxe":2,"minecraft:stone_pickaxe":1,"minecraft:iron_leggings":1,"minecraft:redstone_torch":2}},"DataVersion":3465}