{"stats":{"minecraft:crafted":{"minecraft:wooden_shovel":1,"minecraft:crafting_table":2,"minecraft:spruce_planks":256,"minecraft:iron_helmet":1,"minecraft:diamond_helmet":1,"minecraft:shield":1,"minecraft:stick":10,"minecraft:iron_pickaxe":2,"minecraft:stone_pickaxe":1,"minecraft:iron_leggings":1,"minecraft:redstone_torch":2},"minecraft:mined":{"minecraft:deepslate_redstone_ore":22,"minecraft:tuff":8,"minecraft:deepslate_diamond_ore":1,"minecraft:candle":1,"minecraft:deepslate_gold_ore":4,"minecraft:sculk":2,"minecraft:wall_torch":3,"sophisticatedbackpacks:diamond_backpack":1,"minecraft:fire":1,"minecraft:cobbled_deepslate":4,"minecraft:deepslate_iron_ore":24,"minecraft:gravel":5,"minecraft:redstone_wall_torch":1,"minecraft:deepslate":215},"minecraft:killed":{"minecraft:iron_golem":1,"minecraft:skeleton":3,"minecraft:zombie":2},"minecraft:killed_by":{"minecraft:player":1,"minecraft:zombie":1},"minecraft:broken":{"minecraft:iron_pickaxe":1},"minecraft:picked_up":{"minecraft:crafting_table":1,"minecraft:iron_chestplate":1,"minecraft:basalt":3,"minecraft:leather_leggings":1,"minecraft:tuff":253,"minecraft:shield":1,"minecraft:lapis_lazuli":20,"minecraft:leather_boots":1,"minecraft:bone":7,"minecraft:wheat_seeds":99,"minecraft:candle":5,"minecraft:cobbled_deepslate":625,"minecraft:raw_gold":9,"minecraft:iron_ingot":25,"minecraft:redstone_torch":1,"minecraft:iron_sword":1,"minecraft:iron_boots":1,"sophisticatedbackpacks:diamond_backpack":2,"minecraft:raw_iron":34,"minecraft:sweet_berries":33,"minecraft:torch":37,"minecraft:spruce_log":64,"minecraft:redstone":110,"minecraft:stone_sword":1,"minecraft:arrow":3,"minecraft:rotten_flesh":5,"minecraft:diamond":44,"minecraft:emerald":45,"minecraft:bread":28,"minecraft:cobblestone":4},"minecraft:dropped":{"minecraft:sweet_berries":19,"minecraft:candle":4,"minecraft:cobbled_deepslate":569,"minecraft:crafting_table":1,"minecraft:tuff":121,"minecraft:cobblestone":1,"minecraft:rotten_flesh":4,"sophisticatedbackpacks:diamond_backpack":1,"minecraft:emerald":45,"minecraft:shield":1,"minecraft:leather_boots":1,"minecraft:leather_leggings":1},"minecraft:custom":{"minecraft:mob_kills":6,"minecraft:interact_with_crafting_table":11,"minecraft:open_barrel":1,"minecraft:leave_game":1,"minecraft:time_since_death":1362,"minecraft:time_since_rest":1384,"minecraft:sprint_one_cm":69687,"minecraft:damage_taken":881,"minecraft:walk_one_cm":249390,"minecraft:damage_blocked_by_shield":670,"minecraft:drop":46,"minecraft:damage_dealt":1193,"minecraft:fly_one_cm":22816,"minecraft:open_chest":1,"minecraft:crouch_one_cm":167,"minecraft:play_time":65064,"minecraft:deaths":2,"minecraft:sneak_time":68,"minecraft:walk_under_water_one_cm":1207,"minecraft:jump":496,"minecraft:walk_on_water_one_cm":4709,"minecraft:total_world_time":65064,"minecraft:fall_one_cm":10314},"minecraft:used":{"minecraft:wheat_seeds":70,"minecraft:stone_pickaxe":21,"minecraft:shield":10,"minecraft:iron_sword":46,"minecraft:wooden_shovel":5,"minecraft:rotten_flesh":1,"minecraft:iron_chestplate":1,"minecraft:torch":32,"minecraft:crafting_table":2,"minecraft:tuff":46,"minecraft:redstone_torch":2,"minecraft:bread":5,"minecraft:iron_pickaxe":263,"minecraft:iron_helmet":1,"minecraft:iron_boots":1,"minecraft:basalt":3,"minecraft:sweet_berries":19,"alexsmobs:animal_dictionary":1,"minecraft:cobbled_deepslate":12,"minecraft:candle":1,"minecraft:iron_leggings":1}},"DataVersion":3465}