{"stats":{"minecraft:crafted":{"minecraft:netherite_axe":1,"minecraft:diamond_helmet":1,"minecraft:stone_pickaxe":1,"minecraft:chest":38,"minecraft:golden_boots":3,"minecraft:wooden_shovel":1,"minecraft:crafting_table":2,"minecraft:spruce_planks":1042,"minecraft:iron_helmet":1,"minecraft:shield":1,"minecraft:stick":14,"minecraft:iron_pickaxe":3,"minecraft:gold_ingot":14,"minecraft:iron_leggings":1,"minecraft:redstone_torch":2},"minecraft:mined":{"minecraft:nether_gold_ore":59,"minecraft:tuff":10,"minecraft:spruce_planks":17,"minecraft:deepslate_diamond_ore":1,"minecraft:candle":1,"minecraft:nether_bricks":4,"minecraft:chiseled_polished_blackstone":2,"minecraft:crimson_roots":3,"minecraft:crimson_fungus":1,"minecraft:nether_wart":14,"minecraft:polished_blackstone_bricks":1,"minecraft:magma_block":1,"minecraft:glowstone":2,"minecraft:cobbled_deepslate":4,"minecraft:fire":20,"minecraft:andesite":29,"minecraft:deepslate_iron_ore":24,"minecraft:warped_stem":2,"minecraft:redstone_wall_torch":1,"minecraft:deepslate_redstone_ore":22,"minecraft:soul_sand":5,"minecraft:blackstone":1,"minecraft:crimson_nylium":4,"minecraft:soul_fire":1,"minecraft:basalt":7,"minecraft:crafting_table":2,"minecraft:torch":7,"minecraft:nether_quartz_ore":6,"minecraft:cobblestone":32,"minecraft:deepslate_gold_ore":4,"minecraft:sculk":2,"minecraft:diorite":2,"minecraft:wall_torch":6,"minecraft:warped_wart_block":1,"sophisticatedbackpacks:diamond_backpack":1,"minecraft:nether_wart_block":2,"minecraft:sweet_berry_bush":2,"minecraft:spruce_log":2,"minecraft:tnt":2,"minecraft:grass":1,"minecraft:coal_ore":23,"minecraft:gravel":8,"minecraft:dirt":1,"minecraft:wither_skeleton_skull":1,"minecraft:netherrack":40,"minecraft:deepslate":215},"minecraft:killed_by":{"alexsmobs:bone_serpent":1,"minecraft:player":1,"minecraft:zombie":1},"minecraft:killed":{"alexsmobs:bone_serpent":1,"minecraft:zombified_piglin":7,"minecraft:skeleton":4,"minecraft:chicken":1,"alexsmobs:soul_vulture":1,"alexsmobs:straddler":3,"minecraft:magma_cube":46,"minecraft:piglin":5,"minecraft:iron_golem":3,"alexsmobs:stradpole":3,"minecraft:hoglin":2,"alexsmobs:crimson_mosquito":3,"minecraft:zombie":2,"minecraft:wither_skeleton":4,"minecraft:blaze":11},"minecraft:broken":{"minecraft:golden_boots":1,"minecraft:iron_pickaxe":2},"minecraft:picked_up":{"minecraft:crafting_table":3,"minecraft:iron_chestplate":1,"minecraft:chicken":1,"minecraft:leather_leggings":1,"alexscaves:cave_tablet":2,"alexsmobs:bone_serpent_tooth":1,"minecraft:shield":1,"minecraft:golden_sword":1,"minecraft:raw_copper":85,"minecraft:netherite_ingot":1,"minecraft:blackstone":102,"sophisticatedbackpacks:advanced_filter_upgrade":1,"alexsmobs:blood_sac":3,"minecraft:diamond_leggings":1,"minecraft:candle":5,"minecraft:gold_nugget":226,"minecraft:cobbled_deepslate":625,"minecraft:spruce_planks":248,"minecraft:redstone_torch":1,"minecraft:netherite_upgrade_smithing_template":1,"minecraft:poppy":2,"minecraft:chest":28,"minecraft:iron_boots":1,"minecraft:stick":3,"minecraft:raw_iron":34,"sophisticatedbackpacks:auto_smoking_upgrade":1,"minecraft:torch":49,"alexsmobs:straddlite":2,"minecraft:polished_blackstone_bricks":18,"minecraft:diorite":99,"minecraft:redstone":110,"sophisticatedbackpacks:stack_upgrade_tier_3":1,"minecraft:stone_sword":1,"minecraft:arrow":4,"minecraft:diamond_chestplate":1,"minecraft:rotten_flesh":8,"minecraft:nether_bricks":72,"minecraft:diamond_boots":1,"minecraft:gold_ingot":11,"sophisticatedbackpacks:copper_backpack":1,"sophisticatedbackpacks:advanced_tool_swapper_upgrade":1,"minecraft:blaze_rod":4,"sophisticatedbackpacks:advanced_magnet_upgrade":1,"minecraft:cobblestone":391,"minecraft:basalt":40,"minecraft:magma_cream":3,"minecraft:andesite":83,"minecraft:leather":1,"minecraft:tuff":254,"minecraft:nether_wart_block":2,"minecraft:wither_skeleton_skull":3,"minecraft:lapis_lazuli":20,"minecraft:dirt":1,"minecraft:leather_boots":1,"minecraft:bone":7,"minecraft:wheat_seeds":128,"minecraft:raw_gold":9,"minecraft:warped_stem":1,"minecraft:iron_ingot":29,"minecraft:diamond_helmet":1,"minecraft:iron_sword":1,"minecraft:soul_sand":11,"sophisticatedbackpacks:diamond_backpack":2,"minecraft:chiseled_polished_blackstone":1,"minecraft:cooked_porkchop":5,"minecraft:sweet_berries":73,"minecraft:warped_wart_block":1,"minecraft:quartz":19,"minecraft:gravel":21,"minecraft:spruce_log":322,"minecraft:spectral_arrow":6,"minecraft:diamond":44,"minecraft:cracked_polished_blackstone_bricks":1,"minecraft:diamond_axe":3,"minecraft:emerald":45,"minecraft:bread":94,"minecraft:netherrack":1441,"minecraft:coal":24,"minecraft:crimson_roots":6,"minecraft:ender_pearl":4},"minecraft:dropped":{"minecraft:golden_boots":3,"alexsmobs:straddlite":2,"minecraft:candle":4,"minecraft:wheat_seeds":58,"minecraft:diamond_axe":2,"minecraft:lapis_lazuli":20,"minecraft:tnt":2,"minecraft:ender_pearl":4,"minecraft:diamond":39,"minecraft:crafting_table":1,"minecraft:cobblestone":114,"minecraft:spectral_arrow":6,"minecraft:stick":2,"minecraft:emerald":45,"minecraft:diorite":99,"minecraft:torch":2,"minecraft:gold_nugget":53,"minecraft:redstone":108,"minecraft:gold_ingot":26,"minecraft:bone":7,"minecraft:gravel":2,"minecraft:sweet_berries":19,"minecraft:ancient_debris":5,"minecraft:blaze_rod":13,"minecraft:cobbled_deepslate":569,"alexscaves:cave_tablet":3,"minecraft:tuff":121,"minecraft:rotten_flesh":4,"minecraft:wither_skeleton_skull":2,"minecraft:nether_bricks":30,"alexsmobs:bone_serpent_tooth":1,"sophisticatedbackpacks:diamond_backpack":1,"minecraft:poppy":2,"alexsmobs:blood_sac":2,"minecraft:shield":1,"minecraft:spruce_planks":1,"minecraft:leather_boots":1,"minecraft:chest":66,"minecraft:leather_leggings":1,"minecraft:redstone_torch":1,"minecraft:basalt":30,"minecraft:arrow":4,"minecraft:raw_gold":9,"minecraft:quartz":9,"minecraft:netherrack":70},"minecraft:custom":{"minecraft:interact_with_smithing_table":2,"minecraft:interact_with_anvil":3,"minecraft:mob_kills":101,"minecraft:interact_with_crafting_table":26,"minecraft:open_barrel":1,"minecraft:leave_game":4,"minecraft:time_since_death":44328,"minecraft:climb_one_cm":897,"minecraft:sprint_one_cm":473483,"minecraft:walk_one_cm":1400679,"minecraft:damage_blocked_by_shield":2315,"minecraft:drop":419,"minecraft:talked_to_villager":50,"minecraft:play_time":349781,"minecraft:sneak_time":1241,"minecraft:deaths":18,"minecraft:walk_under_water_one_cm":1207,"minecraft:jump":3799,"minecraft:interact_with_blast_furnace":4,"minecraft:walk_on_water_one_cm":8386,"minecraft:total_world_time":349781,"minecraft:interact_with_grindstone":5,"minecraft:sleep_in_bed":1,"minecraft:time_since_rest":44373,"minecraft:damage_taken":8579,"minecraft:damage_dealt":11630,"minecraft:fly_one_cm":267005,"minecraft:open_chest":61,"minecraft:crouch_one_cm":2854,"minecraft:fall_one_cm":133182},"minecraft:used":{"minecraft:stone_sword":3,"minecraft:spruce_planks":913,"minecraft:shield":54,"minecraft:iron_sword":143,"minecraft:wooden_shovel":5,"minecraft:rotten_flesh":4,"minecraft:netherrack":291,"minecraft:iron_chestplate":1,"minecraft:torch":40,"minecraft:soul_sand":5,"minecraft:warped_wart_block":1,"minecraft:nether_bricks":42,"minecraft:tuff":46,"minecraft:iron_helmet":1,"minecraft:iron_boots":1,"minecraft:basalt":6,"minecraft:sweet_berries":71,"minecraft:cobbled_deepslate":12,"minecraft:iron_leggings":1,"minecraft:wheat_seeds":70,"minecraft:wither_skeleton_skull":1,"minecraft:stone_pickaxe":21,"minecraft:diamond_axe":204,"minecraft:crafting_table":4,"minecraft:spruce_log":41,"minecraft:redstone_torch":2,"minecraft:chicken":1,"minecraft:bread":71,"minecraft:netherite_axe":1,"minecraft:iron_pickaxe":513,"minecraft:gravel":1,"minecraft:cobblestone":50,"alexsmobs:animal_dictionary":1,"minecraft:candle":1}},"DataVersion":3465}