{"stats":{"minecraft:dropped":{"minecraft:iron_sword":2,"minecraft:wheat_seeds":4,"minecraft:cherry_log":154,"minecraft:cherry_sapling":29,"minecraft:rotten_flesh":14,"minecraft:oak_planks":10,"minecraft:leather":6,"minecraft:granite":1,"minecraft:coal":1,"minecraft:stick":17,"minecraft:gunpowder":2,"minecraft:cherry_planks":20,"minecraft:spider_eye":2,"minecraft:bow":1,"minecraft:raw_gold":6,"minecraft:string":2,"minecraft:pink_petals":54,"minecraft:gold_ingot":2,"minecraft:white_wool":3},"minecraft:killed":{"minecraft:cave_spider":1,"minecraft:zombie_villager":1,"minecraft:spider":4,"minecraft:creeper":4,"minecraft:horse":3,"minecraft:skeleton":5,"minecraft:sheep":7,"minecraft:zombie":20,"minecraft:chicken":1,"minecraft:cow":3},"minecraft:crafted":{"minecraft:cherry_planks":180,"minecraft:coal":1,"minecraft:emerald":1,"minecraft:pink_bed":1,"minecraft:iron_helmet":1,"minecraft:baked_potato":15,"minecraft:iron_sword":1,"minecraft:pink_dye":3,"minecraft:stone_axe":12,"minecraft:iron_chestplate":1,"minecraft:iron_boots":1,"minecraft:pink_wool":3,"minecraft:shield":2,"minecraft:iron_axe":1,"minecraft:stick":8,"minecraft:iron_ingot":56,"minecraft:iron_pickaxe":2,"minecraft:wooden_axe":2,"minecraft:gold_ingot":2,"minecraft:iron_leggings":1},"minecraft:used":{"minecraft:cherry_sapling":78,"minecraft:diorite":39,"minecraft:baked_potato":50,"minecraft:shield":28,"minecraft:iron_sword":4,"minecraft:iron_chestplate":1,"minecraft:torch":2,"minecraft:red_bed":1,"minecraft:wooden_axe":132,"minecraft:black_wool":1,"minecraft:chicken":1,"minecraft:iron_pickaxe":226,"minecraft:iron_helmet":1,"minecraft:iron_boots":1,"minecraft:pink_bed":7,"minecraft:stone_axe":1582,"minecraft:pink_petals":8,"minecraft:cobblestone":3,"minecraft:bow":6,"minecraft:furnace":3,"minecraft:cherry_log":1,"minecraft:cobbled_deepslate":1,"minecraft:iron_leggings":1},"minecraft:picked_up":{"minecraft:charcoal":40,"minecraft:pink_petals":1484,"minecraft:wheat":2,"minecraft:chicken":1,"minecraft:leather":6,"minecraft:stripped_cherry_log":1,"minecraft:tuff":2,"minecraft:oak_log":9,"minecraft:gunpowder":4,"minecraft:lapis_lazuli":49,"minecraft:string":2,"minecraft:dirt":7,"minecraft:red_bed":1,"minecraft:raw_copper":26,"minecraft:cooked_mutton":8,"minecraft:bone":5,"minecraft:bow":2,"minecraft:wheat_seeds":15,"minecraft:cobbled_deepslate":25,"minecraft:raw_gold":8,"minecraft:iron_ingot":18,"minecraft:beef":7,"minecraft:iron_sword":1,"minecraft:oak_planks":10,"minecraft:furnace":3,"minecraft:pink_bed":6,"minecraft:stick":428,"minecraft:raw_iron":67,"minecraft:torch":9,"minecraft:gravel":2,"minecraft:cherry_log":1353,"minecraft:diorite":68,"minecraft:redstone":9,"minecraft:spider_eye":2,"minecraft:arrow":5,"minecraft:rotten_flesh":18,"minecraft:granite":1,"minecraft:bone_meal":2,"minecraft:cherry_sapling":776,"minecraft:gray_wool":1,"minecraft:baked_potato":112,"minecraft:oak_sapling":4,"minecraft:black_wool":1,"minecraft:mutton":12,"minecraft:coal":35,"minecraft:white_wool":5,"minecraft:cobblestone":62},"minecraft:custom":{"minecraft:interact_with_furnace":21,"minecraft:mob_kills":51,"minecraft:animals_bred":1,"minecraft:inspect_hopper":16,"minecraft:interact_with_crafting_table":29,"goblintraders:trade_with_goblin":22,"minecraft:leave_game":1,"minecraft:time_since_death":179737,"minecraft:sleep_in_bed":4,"minecraft:time_since_rest":37395,"minecraft:sprint_one_cm":403547,"minecraft:damage_taken":2171,"minecraft:walk_one_cm":509576,"minecraft:damage_blocked_by_shield":1815,"minecraft:drop":38,"minecraft:damage_dealt":7908,"minecraft:fly_one_cm":313207,"minecraft:open_chest":68,"minecraft:crouch_one_cm":75,"minecraft:play_time":179737,"minecraft:sneak_time":323,"minecraft:walk_under_water_one_cm":2025,"minecraft:jump":2119,"minecraft:walk_on_water_one_cm":7736,"minecraft:interact_with_smoker":6,"minecraft:total_world_time":179737,"minecraft:fall_one_cm":51438},"minecraft:broken":{"minecraft:stone_axe":12,"minecraft:wooden_axe":2},"minecraft:mined":{"minecraft:deepslate_redstone_ore":2,"minecraft:tuff":2,"minecraft:pink_bed":6,"minecraft:cherry_log":1401,"minecraft:cherry_sapling":30,"minecraft:stripped_cherry_log":1,"minecraft:grass_block":4,"minecraft:tall_grass":13,"minecraft:lapis_ore":1,"minecraft:deepslate_gold_ore":9,"minecraft:diorite":10,"minecraft:pink_petals":648,"minecraft:furnace":3,"minecraft:iron_ore":23,"minecraft:deepslate_lapis_ore":6,"minecraft:coal_ore":34,"minecraft:grass":127,"minecraft:oak_log":9,"minecraft:deepslate_iron_ore":46,"minecraft:cherry_leaves":2,"minecraft:dirt":3,"minecraft:stone":60,"minecraft:oak_leaves":3,"minecraft:deepslate":29}},"DataVersion":3465}