{"stats":{"minecraft:killed_by":{"minecraft:player":1,"minecraft:skeleton":1},"minecraft:used":{"minecraft:golden_boots":1,"minecraft:wheat_seeds":23,"minecraft:stone_pickaxe":131,"minecraft:shield":5,"minecraft:wooden_pickaxe":33,"minecraft:white_wool":3,"minecraft:orange_bed":6,"minecraft:torch":7,"minecraft:dirt":1,"minecraft:crafting_table":1,"minecraft:carrot":3,"minecraft:wooden_axe":135,"minecraft:apple":1,"minecraft:string":3,"minecraft:chicken":2,"minecraft:bread":19,"minecraft:stone_axe":83,"minecraft:fishing_rod":3,"minecraft:light_gray_wool":3,"minecraft:wooden_sword":80,"minecraft:cobblestone":15,"minecraft:porkchop":3,"minecraft:andesite":1,"minecraft:egg":2},"minecraft:picked_up":{"minecraft:wooden_axe":1,"minecraft:fishing_rod":2,"minecraft:pink_petals":297,"minecraft:crafting_table":2,"minecraft:wheat":60,"minecraft:feather":8,"minecraft:chicken":7,"minecraft:salmon":1,"minecraft:andesite":2,"minecraft:leather":24,"minecraft:wooden_pickaxe":1,"minecraft:oak_log":164,"minecraft:golden_boots":2,"minecraft:shield":2,"minecraft:lapis_lazuli":24,"minecraft:string":3,"minecraft:dirt":5,"minecraft:leather_boots":1,"minecraft:name_tag":1,"minecraft:apple":1,"minecraft:wheat_seeds":187,"minecraft:cartography_table":1,"minecraft:iron_ingot":23,"minecraft:stone_pickaxe":4,"minecraft:beef":11,"minecraft:iron_nugget":8,"minecraft:fletching_table":1,"minecraft:light_gray_wool":4,"minecraft:melon_slice":199,"minecraft:oak_planks":64,"minecraft:birch_sapling":4,"minecraft:egg":2,"minecraft:raw_iron":11,"minecraft:stick":71,"minecraft:torch":24,"sophisticatedbackpacks:backpack":2,"minecraft:porkchop":14,"minecraft:carrot":4,"minecraft:redstone":6,"minecraft:spider_eye":2,"minecraft:leather_helmet":1,"minecraft:orange_bed":17,"minecraft:rotten_flesh":6,"minecraft:stone_axe":1,"minecraft:hay_block":39,"create:asurine":46,"minecraft:cherry_sapling":4,"minecraft:bone_meal":1,"minecraft:emerald":1,"minecraft:golden_apple":1,"minecraft:bread":19,"minecraft:totem_of_undying":11,"minecraft:oak_sapling":27,"minecraft:cobblestone":166,"minecraft:dark_oak_fence":4,"minecraft:mutton":26,"minecraft:coal":19,"minecraft:white_wool":24},"minecraft:mined":{"minecraft:tuff":13,"minecraft:melon_stem":2,"minecraft:torch":5,"minecraft:dark_oak_fence":6,"minecraft:grass_block":4,"minecraft:calcite":16,"minecraft:melon":37,"minecraft:dead_bush":14,"minecraft:cobblestone":1,"minecraft:tall_grass":10,"minecraft:lapis_ore":3,"minecraft:cartography_table":1,"minecraft:diorite":6,"minecraft:wall_torch":1,"minecraft:spawner":1,"minecraft:pink_petals":76,"minecraft:hay_block":40,"minecraft:tall_seagrass":1,"minecraft:iron_ore":7,"minecraft:wheat":67,"minecraft:andesite":9,"minecraft:light_gray_wool":1,"create:asurine":17,"minecraft:grass":63,"minecraft:oak_log":90,"minecraft:coal_ore":14,"minecraft:gravel":5,"minecraft:stone":73,"minecraft:deepslate":2,"minecraft:orange_bed":9},"minecraft:killed":{"minecraft:pig":6,"minecraft:iron_golem":1,"minecraft:sheep":14,"minecraft:pillager":3,"minecraft:zombie":2,"minecraft:chicken":7,"minecraft:drowned":2,"minecraft:cow":4},"minecraft:crafted":{"minecraft:wooden_sword":1,"minecraft:oak_planks":88,"minecraft:crafting_table":1,"minecraft:wooden_pickaxe":1,"minecraft:bread":57,"minecraft:stick":8,"minecraft:wooden_axe":3,"minecraft:wheat":171},"minecraft:dropped":{"minecraft:bread":29,"minecraft:compass":3,"minecraft:wheat_seeds":161,"minecraft:wheat":3,"minecraft:birch_sapling":4,"minecraft:raw_iron":3,"minecraft:feather":8,"minecraft:cobblestone":29,"minecraft:oak_planks":2,"minecraft:light_gray_wool":1,"minecraft:leather":27,"minecraft:salmon":1,"minecraft:totem_of_undying":1,"minecraft:carrot":1,"minecraft:coal":19,"minecraft:emerald":1,"minecraft:dirt":4,"minecraft:dark_oak_fence":4,"minecraft:andesite":1,"minecraft:leather_boots":2,"minecraft:oak_sapling":27,"minecraft:map":10,"minecraft:bone_meal":1,"minecraft:stone_pickaxe":2,"minecraft:orange_bed":1,"minecraft:paper":6,"minecraft:cartography_table":1},"minecraft:broken":{"minecraft:stone_pickaxe":1,"minecraft:wooden_sword":1,"minecraft:stone_axe":1,"minecraft:wooden_axe":2},"minecraft:custom":{"minecraft:mob_kills":41,"minecraft:interact_with_crafting_table":4,"minecraft:interact_with_cartography_table":1,"minecraft:leave_game":1,"minecraft:time_since_death":11348,"minecraft:sleep_in_bed":7,"minecraft:time_since_rest":11389,"minecraft:sprint_one_cm":212003,"minecraft:damage_taken":1525,"minecraft:walk_one_cm":320616,"minecraft:damage_blocked_by_shield":330,"minecraft:drop":73,"minecraft:damage_dealt":5748,"minecraft:talked_to_villager":8,"minecraft:fly_one_cm":190582,"minecraft:crouch_one_cm":31,"minecraft:open_chest":23,"minecraft:play_time":116813,"minecraft:deaths":2,"minecraft:sneak_time":133,"minecraft:walk_under_water_one_cm":10374,"minecraft:boat_one_cm":256698,"minecraft:jump":1129,"minecraft:walk_on_water_one_cm":10356,"minecraft:total_world_time":116813,"minecraft:fish_caught":2,"minecraft:fall_one_cm":36467}},"DataVersion":3465}