{"stats":{"minecraft:mined":{"minecraft:spruce_planks":71,"minecraft:brewing_stand":1,"minecraft:granite":29,"minecraft:chiseled_polished_blackstone":2,"minecraft:grass_block":6,"minecraft:purpur_slab":1,"minecraft:crimson_fungus":1,"minecraft:nether_wart":23,"minecraft:spawner":3,"minecraft:polished_blackstone_bricks":1,"minecraft:magma_block":1,"minecraft:glowstone":2,"minecraft:cobbled_deepslate":7,"minecraft:iron_ore":2,"minecraft:fire":31,"minecraft:end_stone_bricks":4,"minecraft:deepslate_redstone_ore":22,"minecraft:blackstone":3,"minecraft:crimson_nylium":4,"minecraft:soul_fire":1,"minecraft:torch":10,"minecraft:nether_quartz_ore":15,"minecraft:cobblestone":100,"alexsmobs:capsid":6,"minecraft:iron_door":17,"minecraft:wall_torch":19,"minecraft:warped_nylium":4,"sophisticatedbackpacks:diamond_backpack":1,"minecraft:nether_wart_block":2,"minecraft:birch_log":32,"minecraft:tnt":2,"minecraft:purpur_block":7,"minecraft:smooth_stone_slab":1,"minecraft:grass":3,"minecraft:oak_log":44,"minecraft:sand":2,"minecraft:dirt":11,"minecraft:wither_skeleton_skull":1,"minecraft:netherrack":152,"minecraft:oak_leaves":8,"minecraft:deepslate":215,"minecraft:nether_gold_ore":75,"minecraft:tuff":11,"minecraft:deepslate_diamond_ore":1,"minecraft:candle":1,"minecraft:nether_bricks":4,"minecraft:stone_button":1,"minecraft:crimson_roots":3,"minecraft:spruce_leaves":28,"minecraft:large_fern":2,"minecraft:andesite":36,"minecraft:gold_block":1,"minecraft:deepslate_iron_ore":24,"minecraft:shroomlight":69,"minecraft:warped_stem":383,"minecraft:wet_sponge":1,"minecraft:chorus_plant":18,"minecraft:stone":297,"minecraft:redstone_wall_torch":1,"minecraft:smithing_table":1,"minecraft:soul_sand":5,"minecraft:magenta_stained_glass":3,"minecraft:basalt":26,"minecraft:crafting_table":2,"minecraft:warped_roots":2,"minecraft:purpur_pillar":2,"minecraft:tall_grass":1,"minecraft:copper_ore":5,"minecraft:lapis_ore":5,"minecraft:deepslate_gold_ore":4,"minecraft:sculk":2,"minecraft:diorite":116,"minecraft:warped_wart_block":2202,"minecraft:sweet_berry_bush":19,"minecraft:spruce_log":949,"minecraft:birch_leaves":6,"minecraft:coal_ore":67,"minecraft:end_rod":3,"minecraft:gravel":32,"minecraft:stone_bricks":1,"minecraft:fern":2},"minecraft:crafted":{"minecraft:diamond_helmet":1,"minecraft:chest":38,"minecraft:golden_boots":3,"minecraft:wooden_shovel":1,"minecraft:emerald":5,"minecraft:crafting_table":2,"minecraft:spruce_planks":1678,"minecraft:iron_helmet":1,"minecraft:birch_planks":116,"minecraft:shield":2,"minecraft:stick":26,"minecraft:iron_pickaxe":3,"minecraft:gold_ingot":14,"minecraft:redstone_torch":2,"minecraft:netherite_axe":1,"minecraft:stone_pickaxe":1,"minecraft:iron_leggings":1},"minecraft:used":{"minecraft:elytra":1,"minecraft:shield":101,"minecraft:iron_sword":352,"minecraft:rotten_flesh":4,"minecraft:iron_chestplate":1,"minecraft:soul_sand":5,"minecraft:nether_bricks":42,"minecraft:tuff":46,"minecraft:warped_nylium":2,"minecraft:iron_helmet":1,"minecraft:sweet_berries":167,"minecraft:golden_boots":1,"minecraft:diorite":2,"minecraft:diamond_boots":3,"minecraft:wither_skeleton_skull":1,"minecraft:chorus_fruit":1,"minecraft:stone_pickaxe":21,"minecraft:ender_pearl":25,"minecraft:blackstone":46,"minecraft:diamond_axe":204,"minecraft:purpur_pillar":1,"withersweapons:stone_blade":186,"minecraft:crossbow":23,"minecraft:sponge":1,"minecraft:redstone_torch":2,"minecraft:bread":182,"withersweapons:diablow":57,"minecraft:gravel":5,"minecraft:smithing_table":1,"minecraft:stone_sword":3,"minecraft:spruce_planks":1786,"minecraft:wooden_shovel":5,"minecraft:netherrack":383,"minecraft:torch":64,"minecraft:warped_wart_block":43,"minecraft:diamond_helmet":3,"alexsmobs:capsid":6,"minecraft:iron_boots":1,"minecraft:diamond_chestplate":4,"minecraft:basalt":77,"minecraft:golden_carrot":3,"minecraft:cobbled_deepslate":12,"minecraft:iron_leggings":1,"minecraft:wheat_seeds":70,"minecraft:warped_stem":5,"minecraft:birch_planks":20,"minecraft:crafting_table":4,"minecraft:spruce_log":222,"minecraft:ender_eye":1,"minecraft:chicken":1,"minecraft:iron_pickaxe":1310,"minecraft:netherite_axe":4332,"minecraft:cobblestone":394,"minecraft:potion":1,"minecraft:purple_bed":1,"minecraft:cooked_porkchop":3,"minecraft:bucket":1,"alexsmobs:animal_dictionary":1,"minecraft:diamond_leggings":2,"minecraft:candle":1},"minecraft:killed_by":{"minecraft:zombie":3,"alexsmobs:bone_serpent":1,"minecraft:player":3,"minecraft:enderman":1,"minecraft:ender_dragon":1},"minecraft:custom":{"minecraft:interact_with_crafting_table":28,"minecraft:open_barrel":1,"minecraft:leave_game":7,"minecraft:time_since_death":1938,"minecraft:sprint_one_cm":1329437,"minecraft:damage_blocked_by_shield":5050,"minecraft:drop":610,"minecraft:talked_to_villager":68,"minecraft:play_time":782261,"minecraft:deaths":33,"minecraft:jump":8865,"minecraft:interact_with_brewingstand":1,"minecraft:walk_on_water_one_cm":129029,"minecraft:traded_with_villager":5,"minecraft:sleep_in_bed":2,"minecraft:open_enderchest":1,"minecraft:damage_dealt":45802,"minecraft:crouch_one_cm":3477,"minecraft:inspect_dispenser":1,"minecraft:interact_with_smithing_table":4,"minecraft:mob_kills":273,"minecraft:interact_with_anvil":14,"minecraft:damage_dealt_resisted":429,"minecraft:climb_one_cm":8975,"minecraft:walk_one_cm":2704398,"minecraft:damage_dealt_absorbed":40,"minecraft:strider_one_cm":706,"minecraft:sneak_time":2774,"minecraft:walk_under_water_one_cm":87141,"minecraft:boat_one_cm":197752,"minecraft:interact_with_blast_furnace":6,"minecraft:total_world_time":782261,"minecraft:interact_with_grindstone":5,"minecraft:time_since_rest":1826,"minecraft:damage_taken":19460,"minecraft:fly_one_cm":2918385,"minecraft:open_chest":198,"minecraft:fall_one_cm":324337},"minecraft:picked_up":{"minecraft:shulker_shell":2,"minecraft:iron_chestplate":1,"minecraft:nether_brick_fence":1,"minecraft:smithing_table":1,"alexscaves:cave_tablet":2,"minecraft:enchanted_book":4,"alexsmobs:bone_serpent_tooth":2,"minecraft:brewing_stand":1,"minecraft:golden_sword":1,"minecraft:raw_copper":106,"minecraft:netherite_ingot":1,"minecraft:shroomlight":46,"sophisticatedbackpacks:advanced_filter_upgrade":1,"alexsmobs:blood_sac":7,"minecraft:diamond_leggings":3,"minecraft:gold_nugget":274,"minecraft:cobbled_deepslate":625,"minecraft:bucket":1,"minecraft:spruce_planks":444,"minecraft:redstone_torch":1,"minecraft:ender_eye":1,"minecraft:netherite_upgrade_smithing_template":1,"minecraft:iron_pickaxe":1,"minecraft:iron_boots":1,"minecraft:stick":161,"minecraft:torch":72,"minecraft:purpur_pillar":1,"alexsmobs:lobster_bucket":1,"minecraft:porkchop":3,"minecraft:diorite":203,"sophisticatedbackpacks:stack_upgrade_tier_3":1,"withersweapons:stone_blade":3,"minecraft:stone_sword":1,"minecraft:rotten_flesh":20,"alexsmobs:capsid":7,"sophisticatedbackpacks:advanced_tool_swapper_upgrade":1,"minecraft:blaze_rod":10,"minecraft:cobblestone":691,"minecraft:birch_log":29,"minecraft:sponge":16,"minecraft:magma_cream":5,"minecraft:iron_door":13,"minecraft:andesite":111,"minecraft:flint":2,"minecraft:tuff":256,"minecraft:wither_skeleton_skull":5,"minecraft:lapis_lazuli":58,"minecraft:dirt":12,"minecraft:twisting_vines":5,"minecraft:leather_boots":1,"advancednetherite:netherite_gold_sword":1,"minecraft:bone":20,"minecraft:bow":1,"alexscaves:toxic_paste":1,"minecraft:wheat_seeds":128,"minecraft:raw_gold":9,"minecraft:diamond_helmet":3,"minecraft:cooked_porkchop":5,"minecraft:chiseled_polished_blackstone":1,"minecraft:warped_wart_block":416,"minecraft:sand":2,"minecraft:ink_sac":1,"minecraft:spectral_arrow":6,"withersweapons:diablow":1,"alexsmobs:mimicream":2,"minecraft:diamond":102,"minecraft:cracked_polished_blackstone_bricks":1,"minecraft:crossbow":1,"minecraft:granite":28,"minecraft:bread":196,"minecraft:emerald":45,"minecraft:oak_sapling":3,"minecraft:chorus_fruit":123,"minecraft:netherrack":2324,"minecraft:crimson_roots":10,"minecraft:crafting_table":3,"minecraft:chicken":1,"minecraft:nether_wart":8,"minecraft:leather_leggings":1,"minecraft:gold_block":1,"minecraft:dragon_head":1,"minecraft:purpur_block":8,"minecraft:shield":1,"minecraft:elytra":1,"minecraft:blackstone":173,"minecraft:candle":5,"minecraft:poppy":2,"minecraft:chest":28,"minecraft:birch_sapling":9,"minecraft:raw_iron":42,"minecraft:end_stone":1,"sophisticatedbackpacks:auto_smoking_upgrade":1,"alexsmobs:straddlite":3,"minecraft:polished_blackstone_bricks":18,"minecraft:redstone":110,"minecraft:arrow":73,"minecraft:diamond_chestplate":3,"minecraft:nether_bricks":73,"minecraft:diamond_boots":3,"minecraft:purpur_slab":1,"minecraft:gold_ingot":11,"sophisticatedbackpacks:copper_backpack":1,"sophisticatedbackpacks:advanced_magnet_upgrade":1,"minecraft:wet_sponge":1,"minecraft:basalt":165,"minecraft:leather":1,"minecraft:oak_log":10,"minecraft:nether_wart_block":2,"minecraft:warped_stem":134,"minecraft:iron_ingot":29,"minecraft:iron_sword":1,"minecraft:soul_sand":11,"sophisticatedbackpacks:diamond_backpack":2,"minecraft:sweet_berries":151,"minecraft:quartz":26,"minecraft:lava_bucket":1,"minecraft:gravel":57,"minecraft:spruce_sapling":228,"minecraft:spruce_log":1326,"minecraft:purple_bed":1,"minecraft:diamond_axe":3,"minecraft:warped_roots":2,"minecraft:warped_nylium":2,"minecraft:coal":81,"minecraft:ender_pearl":39},"minecraft:dropped":{"minecraft:warped_stem":128,"alexsmobs:straddlite":3,"minecraft:candle":4,"minecraft:diamond_axe":2,"minecraft:lapis_lazuli":20,"minecraft:chorus_fruit":64,"minecraft:glass_bottle":1,"minecraft:ender_pearl":10,"minecraft:diamond":71,"minecraft:crafting_table":1,"minecraft:cooked_porkchop":2,"minecraft:warped_roots":2,"minecraft:emerald":45,"minecraft:gold_block":1,"minecraft:dirt":11,"minecraft:gold_nugget":53,"minecraft:wet_sponge":1,"minecraft:sand":2,"minecraft:gold_ingot":86,"minecraft:bone":11,"minecraft:gravel":34,"minecraft:purpur_block":4,"minecraft:blackstone":24,"minecraft:ancient_debris":5,"minecraft:cobbled_deepslate":569,"minecraft:twisting_vines":5,"alexscaves:cave_tablet":3,"minecraft:birch_sapling":6,"minecraft:rotten_flesh":4,"minecraft:end_stone":1,"minecraft:nether_brick_fence":1,"alexsmobs:bone_serpent_tooth":2,"sophisticatedbackpacks:diamond_backpack":1,"minecraft:poppy":2,"withersweapons:stone_blade":3,"alexsmobs:lobster_bucket":1,"alexsmobs:blood_sac":6,"minecraft:leather_boots":1,"minecraft:chest":66,"minecraft:leather_leggings":1,"minecraft:basalt":84,"minecraft:arrow":14,"minecraft:warped_wart_block":385,"minecraft:quartz":9,"minecraft:netherrack":127,"minecraft:golden_boots":4,"minecraft:wheat_seeds":58,"minecraft:tnt":2,"minecraft:diamond_leggings":2,"minecraft:cobblestone":114,"minecraft:spectral_arrow":6,"minecraft:granite":18,"minecraft:stick":7,"minecraft:lava_bucket":2,"minecraft:diorite":189,"minecraft:brewing_stand":1,"minecraft:ink_sac":1,"minecraft:sponge":15,"minecraft:torch":2,"minecraft:diamond_helmet":3,"minecraft:potion":1,"alexscaves:toxic_paste":1,"minecraft:redstone":108,"minecraft:sweet_berries":19,"minecraft:nether_wart":8,"minecraft:blaze_rod":19,"advancednetherite:netherite_gold_sword":1,"minecraft:tuff":122,"minecraft:raw_iron":4,"alexsmobs:mimicream":2,"minecraft:wither_skeleton_skull":4,"minecraft:nether_bricks":31,"minecraft:shroomlight":46,"minecraft:shield":1,"minecraft:diamond_chestplate":2,"minecraft:spruce_planks":15,"minecraft:andesite":14,"minecraft:oak_sapling":3,"minecraft:redstone_torch":1,"minecraft:spruce_log":640,"minecraft:diamond_boots":2,"minecraft:bow":1,"minecraft:raw_gold":9,"minecraft:magma_cream":2},"minecraft:killed":{"minecraft:zombified_piglin":15,"minecraft:spider":1,"alexsmobs:enderiophage":2,"minecraft:shulker":4,"minecraft:skeleton":15,"minecraft:chicken":1,"minecraft:silverfish":1,"alexsmobs:straddler":9,"minecraft:magma_cube":82,"minecraft:piglin":6,"minecraft:pig":1,"minecraft:iron_golem":3,"alexsmobs:stradpole":3,"alexsmobs:crimson_mosquito":7,"alexsmobs:endergrade":1,"minecraft:zombie":7,"minecraft:blaze":23,"alexsmobs:bone_serpent":2,"alexsmobs:mimicube":2,"alexsmobs:soul_vulture":1,"minecraft:bat":1,"minecraft:hoglin":2,"minecraft:wither_skeleton":9,"minecraft:enderman":67},"minecraft:broken":{"minecraft:golden_boots":1,"minecraft:shield":1,"minecraft:iron_pickaxe":3}},"DataVersion":3465}