{"stats":{"minecraft:custom":{"minecraft:mob_kills":51,"minecraft:interact_with_anvil":2,"minecraft:animals_bred":1,"minecraft:inspect_hopper":17,"minecraft:interact_with_crafting_table":34,"goblintraders:trade_with_goblin":22,"minecraft:leave_game":2,"minecraft:time_since_death":5748,"minecraft:sprint_one_cm":447382,"minecraft:walk_one_cm":615667,"minecraft:damage_blocked_by_shield":2520,"minecraft:drop":54,"minecraft:play_time":237820,"minecraft:deaths":1,"minecraft:sneak_time":667,"minecraft:walk_under_water_one_cm":2025,"minecraft:jump":2697,"minecraft:walk_on_water_one_cm":7736,"minecraft:total_world_time":237820,"minecraft:interact_with_furnace":22,"minecraft:sleep_in_bed":4,"minecraft:time_since_rest":5786,"minecraft:damage_taken":2931,"minecraft:damage_dealt":8026,"minecraft:fly_one_cm":366918,"minecraft:open_chest":87,"minecraft:crouch_one_cm":171,"minecraft:interact_with_smoker":6,"minecraft:fall_one_cm":69552},"minecraft:crafted":{"minecraft:cherry_planks":180,"minecraft:coal":1,"minecraft:pink_bed":1,"minecraft:pink_dye":3,"minecraft:flint_and_steel":1,"minecraft:iron_boots":1,"minecraft:iron_axe":1,"minecraft:golden_boots":1,"minecraft:emerald":1,"minecraft:iron_helmet":1,"minecraft:baked_potato":15,"minecraft:iron_sword":1,"minecraft:stone_axe":15,"minecraft:iron_chestplate":1,"minecraft:pink_wool":3,"minecraft:shield":2,"minecraft:stick":8,"minecraft:iron_ingot":56,"minecraft:iron_pickaxe":2,"minecraft:wooden_axe":2,"minecraft:gold_ingot":2,"minecraft:iron_leggings":1},"minecraft:picked_up":{"minecraft:charcoal":40,"minecraft:wheat":2,"minecraft:chicken":1,"minecraft:stripped_cherry_log":1,"minecraft:string":2,"minecraft:red_bed":1,"minecraft:raw_copper":26,"minecraft:cobbled_deepslate":25,"minecraft:beef":7,"minecraft:furnace":3,"minecraft:raw_iron":67,"minecraft:stick":463,"minecraft:torch":10,"minecraft:cherry_log":1436,"minecraft:diorite":88,"minecraft:redstone":9,"minecraft:arrow":5,"minecraft:rotten_flesh":18,"minecraft:gold_ingot":5,"minecraft:obsidian":14,"minecraft:mutton":12,"minecraft:white_wool":5,"minecraft:cobblestone":83,"minecraft:pink_petals":1485,"minecraft:basalt":2,"minecraft:leather":6,"minecraft:tuff":2,"minecraft:oak_log":9,"minecraft:gunpowder":4,"minecraft:lapis_lazuli":49,"minecraft:dirt":7,"minecraft:cooked_mutton":8,"minecraft:bone":5,"minecraft:bow":2,"minecraft:wheat_seeds":16,"minecraft:raw_gold":8,"minecraft:iron_ingot":18,"minecraft:iron_sword":1,"minecraft:oak_planks":10,"minecraft:pink_bed":6,"minecraft:gravel":2,"minecraft:spider_eye":2,"minecraft:granite":1,"minecraft:cherry_sapling":826,"minecraft:bone_meal":2,"minecraft:gray_wool":1,"minecraft:warped_roots":2,"minecraft:baked_potato":112,"minecraft:oak_sapling":4,"minecraft:netherrack":12,"minecraft:black_wool":1,"minecraft:coal":35,"minecraft:diamond_pickaxe":1},"minecraft:killed":{"minecraft:cave_spider":1,"minecraft:spider":4,"minecraft:horse":3,"minecraft:skeleton":5,"minecraft:chicken":1,"minecraft:zombie_villager":1,"minecraft:creeper":4,"minecraft:sheep":7,"minecraft:zombie":20,"minecraft:cow":3},"minecraft:used":{"minecraft:cherry_sapling":78,"minecraft:flint_and_steel":2,"minecraft:shield":42,"minecraft:iron_sword":4,"minecraft:netherrack":3,"minecraft:iron_chestplate":1,"minecraft:torch":3,"minecraft:dirt":5,"minecraft:wooden_axe":132,"minecraft:iron_axe":4,"minecraft:iron_helmet":1,"minecraft:iron_boots":1,"minecraft:basalt":1,"minecraft:bow":8,"minecraft:furnace":3,"minecraft:cobbled_deepslate":1,"minecraft:cherry_log":1,"minecraft:iron_leggings":1,"minecraft:diorite":88,"minecraft:baked_potato":64,"minecraft:cherry_planks":1,"minecraft:warped_roots":1,"minecraft:red_bed":1,"minecraft:diamond_pickaxe":18,"minecraft:black_wool":1,"minecraft:chicken":1,"minecraft:iron_pickaxe":270,"minecraft:stone_axe":1657,"minecraft:pink_petals":8,"minecraft:pink_bed":7,"minecraft:cobblestone":31},"minecraft:broken":{"minecraft:stone_axe":12,"minecraft:wooden_axe":2},"minecraft:dropped":{"minecraft:iron_sword":2,"minecraft:wheat_seeds":4,"minecraft:cherry_log":154,"minecraft:warped_roots":1,"minecraft:leather":6,"minecraft:granite":1,"minecraft:coal":1,"minecraft:stick":17,"minecraft:cherry_planks":20,"minecraft:string":2,"minecraft:pink_petals":54,"minecraft:white_wool":3,"minecraft:gold_ingot":3,"minecraft:obsidian":14,"minecraft:cherry_sapling":29,"minecraft:rotten_flesh":14,"minecraft:oak_planks":10,"minecraft:gunpowder":2,"minecraft:spider_eye":2,"minecraft:bow":1,"minecraft:raw_gold":6},"minecraft:mined":{"minecraft:tuff":2,"minecraft:pink_bed":6,"minecraft:cherry_log":1471,"minecraft:cherry_sapling":30,"minecraft:stripped_cherry_log":1,"minecraft:obsidian":14,"minecraft:grass_block":4,"minecraft:furnace":3,"minecraft:iron_ore":23,"minecraft:fire":13,"minecraft:deepslate_lapis_ore":6,"minecraft:deepslate_iron_ore":46,"minecraft:stone":67,"minecraft:deepslate_redstone_ore":2,"minecraft:basalt":2,"minecraft:tall_grass":13,"minecraft:cobblestone":14,"minecraft:deepslate_gold_ore":9,"minecraft:lapis_ore":1,"minecraft:diorite":30,"minecraft:wall_torch":1,"minecraft:pink_petals":649,"minecraft:coal_ore":34,"minecraft:grass":129,"minecraft:oak_log":9,"minecraft:cherry_leaves":2,"minecraft:dirt":3,"minecraft:netherrack":4,"minecraft:oak_leaves":3,"minecraft:deepslate":29}},"DataVersion":3465}