{"stats":{"minecraft:used":{"minecraft:stone_axe":6},"minecraft:mined":{"minecraft:spruce_leaves":1,"minecraft:spruce_log":5},"minecraft:picked_up":{"minecraft:spruce_log":5},"minecraft:custom":{"minecraft:jump":22,"minecraft:time_since_rest":1527,"minecraft:play_time":1527,"minecraft:leave_game":2,"minecraft:sprint_one_cm":1382,"minecraft:damage_taken":20,"minecraft:time_since_death":1527,"minecraft:walk_one_cm":2313,"minecraft:total_world_time":1527,"minecraft:fall_one_cm":404,"minecraft:fly_one_cm":4221}},"DataVersion":3465}