{"stats":{"minecraft:picked_up":{"minecraft:oak_log":5,"minecraft:apple":1,"minecraft:oak_sapling":2,"minecraft:dirt":2},"minecraft:custom":{"minecraft:jump":145,"minecraft:time_since_rest":13965,"minecraft:damage_taken":20,"minecraft:leave_game":2,"minecraft:play_time":13965,"minecraft:crouch_one_cm":242,"minecraft:sprint_one_cm":12604,"minecraft:time_since_death":13965,"minecraft:walk_one_cm":9709,"minecraft:sneak_time":163,"minecraft:total_world_time":13965,"minecraft:fall_one_cm":2332,"minecraft:fly_one_cm":19758},"minecraft:mined":{"minecraft:grass":1,"minecraft:grass_block":2,"minecraft:oak_log":5,"minecraft:oak_leaves":17},"minecraft:used":{"minecraft:oak_sapling":2}},"DataVersion":3465}