{"stats":{"minecraft:mined":{"minecraft:grass":3,"minecraft:ice":10,"minecraft:grass_block":1,"minecraft:fern":2,"minecraft:dirt":1},"minecraft:used":{"minecraft:dirt":2},"minecraft:dropped":{"minecraft:diamond":1},"minecraft:custom":{"minecraft:jump":112,"minecraft:time_since_rest":6743,"minecraft:leave_game":1,"minecraft:walk_on_water_one_cm":214,"minecraft:crouch_one_cm":679,"minecraft:sprint_one_cm":24000,"minecraft:play_time":6743,"minecraft:time_since_death":6743,"minecraft:walk_one_cm":12574,"minecraft:sneak_time":205,"minecraft:total_world_time":6743,"minecraft:walk_under_water_one_cm":114,"minecraft:drop":1,"minecraft:fall_one_cm":3251,"minecraft:fly_one_cm":28226},"minecraft:picked_up":{"minecraft:dirt":2}},"DataVersion":3465}