{"stats":{"minecraft:crafted":{"minecraft:oak_planks":12,"minecraft:crafting_table":1,"minecraft:stick":4,"minecraft:wooden_axe":1},"minecraft:custom":{"minecraft:time_since_rest":6430,"minecraft:play_time":6430,"minecraft:sprint_one_cm":9887,"minecraft:walk_one_cm":11847,"minecraft:sneak_time":14,"minecraft:drop":2,"minecraft:jump":65,"minecraft:leave_game":1,"minecraft:time_since_death":6430,"minecraft:total_world_time":6430,"minecraft:interact_with_crafting_table":1,"minecraft:fall_one_cm":1672,"minecraft:fly_one_cm":16145},"minecraft:dropped":{"minecraft:wheat_seeds":2},"minecraft:picked_up":{"minecraft:stick":27,"minecraft:crafting_table":1,"minecraft:apple":4,"minecraft:wheat_seeds":2,"minecraft:oak_log":62,"minecraft:oak_sapling":27},"minecraft:used":{"sophisticatedbackpacks:diamond_backpack":1,"minecraft:wooden_axe":71,"minecraft:crafting_table":1},"minecraft:mined":{"minecraft:grass":4,"minecraft:oak_log":62,"minecraft:tall_grass":1,"minecraft:oak_leaves":9,"minecraft:crafting_table":1},"minecraft:broken":{"minecraft:wooden_axe":1}},"DataVersion":3465}