{"stats":{"minecraft:mined":{"minecraft:grass":1,"minecraft:grass_block":2,"minecraft:oak_log":5,"minecraft:oak_leaves":17},"minecraft:picked_up":{"minecraft:oak_log":5,"minecraft:apple":1,"minecraft:oak_sapling":2,"minecraft:dirt":2},"minecraft:used":{"minecraft:oak_sapling":2},"minecraft:custom":{"minecraft:jump":123,"minecraft:time_since_rest":10603,"minecraft:damage_taken":20,"minecraft:leave_game":1,"minecraft:play_time":10603,"minecraft:crouch_one_cm":242,"minecraft:sprint_one_cm":10888,"minecraft:time_since_death":10603,"minecraft:walk_one_cm":8303,"minecraft:sneak_time":147,"minecraft:total_world_time":10603,"minecraft:fall_one_cm":2332,"minecraft:fly_one_cm":13780}},"DataVersion":3465}