{"stats":{"minecraft:custom":{"minecraft:time_since_rest":18196,"minecraft:crouch_one_cm":848,"minecraft:sprint_one_cm":51253,"minecraft:play_time":18196,"minecraft:damage_taken":580,"minecraft:walk_one_cm":38144,"minecraft:sneak_time":358,"minecraft:walk_under_water_one_cm":3191,"minecraft:mob_kills":1,"minecraft:drop":1,"minecraft:jump":493,"minecraft:damage_dealt":468,"minecraft:leave_game":2,"minecraft:walk_on_water_one_cm":978,"minecraft:time_since_death":18196,"minecraft:total_world_time":18196,"minecraft:swim_one_cm":3344,"minecraft:fall_one_cm":5596,"minecraft:fly_one_cm":127400},"minecraft:picked_up":{"minecraft:rotten_flesh":10,"minecraft:spruce_sapling":1,"minecraft:dirt":2},"minecraft:mined":{"minecraft:grass":3,"minecraft:grass_block":1,"minecraft:dirt":1,"minecraft:ice":14,"minecraft:spruce_leaves":5,"minecraft:fern":2},"minecraft:used":{"minecraft:rotten_flesh":4,"minecraft:dirt":2,"minecraft:cooked_beef":5},"minecraft:dropped":{"minecraft:diamond":1}},"DataVersion":3465}