{"stats":{"minecraft:mined":{"minecraft:grass":1,"minecraft:grass_block":2,"minecraft:oak_log":5,"minecraft:oak_leaves":17},"minecraft:picked_up":{"minecraft:oak_log":5,"minecraft:rotten_flesh":1,"minecraft:apple":1,"minecraft:oak_sapling":2,"minecraft:dirt":2,"minecraft:egg":10},"minecraft:used":{"minecraft:oak_sapling":2},"minecraft:custom":{"minecraft:jump":169,"minecraft:time_since_rest":14832,"minecraft:damage_taken":20,"minecraft:leave_game":3,"minecraft:play_time":14832,"minecraft:crouch_one_cm":242,"minecraft:sprint_one_cm":13923,"minecraft:time_since_death":14832,"minecraft:walk_one_cm":11195,"minecraft:sneak_time":163,"minecraft:total_world_time":14832,"minecraft:fall_one_cm":2332,"minecraft:fly_one_cm":26673}},"DataVersion":3465}