{"stats":{"minecraft:custom":{"minecraft:time_since_rest":35429,"minecraft:sprint_one_cm":34021,"minecraft:walk_one_cm":63298,"minecraft:interact_with_anvil":2,"minecraft:mob_kills":7,"minecraft:drop":2,"minecraft:animals_bred":5,"minecraft:inspect_hopper":4,"minecraft:damage_dealt":1400,"minecraft:interact_with_crafting_table":1,"minecraft:fly_one_cm":306960,"minecraft:open_chest":29,"minecraft:crouch_one_cm":1707,"minecraft:play_time":35429,"minecraft:sneak_time":461,"minecraft:jump":378,"minecraft:leave_game":1,"minecraft:time_since_death":35429,"minecraft:walk_on_water_one_cm":567,"minecraft:climb_one_cm":197,"minecraft:total_world_time":35429,"minecraft:interact_with_smoker":7,"minecraft:fall_one_cm":1941},"minecraft:used":{"minecraft:cherry_boat":2,"minecraft:oak_fence":18,"minecraft:water_bucket":2,"minecraft:cow_spawn_egg":1,"minecraft:flint_and_steel":2,"minecraft:grass_block":6,"minecraft:zombie_villager_spawn_egg":2,"minecraft:pig_spawn_egg":3,"minecraft:netherite_axe":14,"minecraft:chest":4,"minecraft:birch_boat":1,"mobscarecrow:villager_plushie":2,"minecraft:stone":4,"minecraft:netherrack":8,"minecraft:torch":72,"minecraft:anvil":1,"goblintraders:vein_goblin_trader_spawn_egg":9,"minecraft:hopper":1,"goblintraders:goblin_trader_spawn_egg":2,"minecraft:oak_boat":1,"minecraft:obsidian":1},"minecraft:picked_up":{"minecraft:pink_petals":308,"minecraft:torch":1,"minecraft:potato":8,"minecraft:wheat_seeds":9,"minecraft:baked_potato":32},"minecraft:killed":{"goblintraders:vein_goblin_trader":7},"minecraft:crafted":{"betterend:charcoal_block":64},"minecraft:dropped":{"minecraft:potato":64,"minecraft:wheat_seeds":1}},"DataVersion":3465}