{"stats":{"minecraft:mined":{"minecraft:spruce_planks":474,"minecraft:farmland":1,"minecraft:pink_bed":14,"minecraft:cobblestone_stairs":50,"minecraft:brewing_stand":1,"minecraft:obsidian":2,"minecraft:spruce_trapdoor":46,"minecraft:granite":128,"minecraft:budding_amethyst":2,"minecraft:acacia_log":9,"minecraft:grass_block":76,"minecraft:tall_seagrass":1,"minecraft:cobbled_deepslate":22,"minecraft:iron_ore":6,"minecraft:fire":32,"minecraft:barrel":1,"minecraft:fletching_table":4,"minecraft:deepslate_lapis_ore":11,"minecraft:anvil":3,"minecraft:dirt_path":1,"minecraft:oak_stairs":10,"minecraft:purple_carpet":6,"minecraft:spruce_wood":2,"minecraft:spruce_slab":34,"minecraft:deepslate_redstone_ore":13,"minecraft:kelp_plant":3,"minecraft:crimson_nylium":1,"minecraft:amethyst_cluster":6,"minecraft:torch":13,"minecraft:blast_furnace":2,"minecraft:calcite":16,"minecraft:chest":2,"minecraft:cobblestone":783,"minecraft:grindstone":17,"minecraft:oak_planks":22,"minecraft:wall_torch":11,"minecraft:amethyst_block":16,"minecraft:seagrass":1,"sophisticatedbackpacks:diamond_backpack":2,"minecraft:birch_log":19,"minecraft:wheat":287,"minecraft:tnt":2,"minecraft:black_bed":1,"minecraft:grass":33,"minecraft:oak_log":60,"minecraft:sand":37,"minecraft:dirt":512,"minecraft:smooth_basalt":9,"minecraft:netherrack":18,"minecraft:oak_leaves":9,"minecraft:deepslate":1025,"minecraft:deepslate_tiles":5,"alexscaves:spelunkery_table":1,"minecraft:red_carpet":15,"minecraft:tuff":646,"minecraft:mossy_cobblestone":2,"minecraft:deepslate_diamond_ore":25,"minecraft:spruce_leaves":16,"minecraft:large_fern":1,"minecraft:furnace":2,"minecraft:andesite":427,"minecraft:peony":2,"minecraft:bell":9,"minecraft:bookshelf":11,"minecraft:deepslate_iron_ore":31,"minecraft:stripped_oak_log":8,"minecraft:wet_sponge":77,"minecraft:stone":2315,"sophisticatedbackpacks:backpack":3,"minecraft:smithing_table":9,"minecraft:glass_pane":4,"minecraft:basalt":4,"minecraft:spruce_door":2,"minecraft:crafting_table":13,"minecraft:spruce_button":5,"minecraft:sponge":3,"minecraft:lectern":2,"minecraft:campfire":1,"minecraft:tall_grass":3,"minecraft:copper_ore":41,"minecraft:deepslate_gold_ore":25,"minecraft:sculk":2,"minecraft:diorite":208,"minecraft:blue_bed":6,"minecraft:spruce_stairs":39,"minecraft:purple_bed":50,"minecraft:white_carpet":17,"minecraft:spruce_log":341,"minecraft:coal_ore":121,"minecraft:gravel":56,"minecraft:acacia_planks":6,"minecraft:stone_bricks":19},"minecraft:crafted":{"minecraft:black_dye":1,"minecraft:oak_planks":244,"minecraft:pink_bed":1,"minecraft:cooked_chicken":1,"minecraft:stone":89,"minecraft:bookshelf":4,"minecraft:cooked_mutton":9,"minecraft:glass":16,"minecraft:iron_boots":1,"minecraft:chest":5,"minecraft:copper_block":11,"minecraft:stone_hoe":2,"sophisticatedbackpacks:backpack":1,"minecraft:emerald":157,"minecraft:crafting_table":5,"minecraft:spruce_planks":1500,"minecraft:iron_helmet":1,"minecraft:spruce_door":3,"minecraft:copper_ingot":128,"minecraft:fletching_table":1,"minecraft:brewing_stand":1,"minecraft:birch_planks":76,"sophisticatedbackpacks:upgrade_base":1,"minecraft:spruce_trapdoor":86,"minecraft:iron_chestplate":2,"minecraft:shield":1,"sophisticatedbackpacks:diamond_backpack":1,"minecraft:stick":636,"minecraft:iron_pickaxe":1,"minecraft:iron_ingot":419,"minecraft:iron_block":9,"minecraft:black_bed":1,"minecraft:wooden_sword":1,"minecraft:coal":1449,"minecraft:stone_shovel":4,"minecraft:iron_nugget":18,"minecraft:spruce_button":1,"sophisticatedbackpacks:stack_upgrade_tier_1":1,"minecraft:furnace":1,"sophisticatedbackpacks:stack_upgrade_starter_tier":1,"minecraft:bone_meal":369,"minecraft:pink_dye":2,"minecraft:white_carpet":3,"minecraft:glass_pane":16,"minecraft:lantern":2,"minecraft:diamond":9,"minecraft:spruce_stairs":24,"minecraft:iron_axe":3,"minecraft:spruce_wood":12,"minecraft:spruce_slab":414,"sophisticatedbackpacks:iron_backpack":1,"minecraft:coal_block":50,"minecraft:iron_sword":4,"sophisticatedbackpacks:gold_backpack":1,"minecraft:bucket":1,"minecraft:bread":95,"minecraft:air":0,"minecraft:oak_boat":1,"minecraft:oak_stairs":4,"minecraft:wooden_axe":3,"minecraft:iron_shovel":1,"minecraft:iron_leggings":1,"minecraft:stonecutter":1,"minecraft:anvil":1,"minecraft:white_bed":1,"minecraft:acacia_planks":36,"minecraft:torch":304},"minecraft:used":{"minecraft:peony":1,"minecraft:iron_shovel":250,"minecraft:spruce_slab":367,"minecraft:poppy":1,"minecraft:diamond_hoe":62,"minecraft:black_carpet":10,"minecraft:shield":27,"minecraft:chest":6,"minecraft:stone":81,"minecraft:iron_sword":264,"minecraft:bell":8,"minecraft:rotten_flesh":25,"minecraft:iron_chestplate":2,"minecraft:tuff":197,"minecraft:obsidian":16,"sophisticatedbackpacks:diamond_backpack":3,"minecraft:lava_bucket":10,"minecraft:spruce_wood":14,"minecraft:lantern":2,"minecraft:iron_helmet":1,"minecraft:stone_brick_stairs":14,"minecraft:stone_bricks":51,"minecraft:spruce_hanging_sign":3,"minecraft:red_carpet":20,"minecraft:sweet_berries":4,"minecraft:furnace":3,"minecraft:diorite":80,"minecraft:spruce_door":3,"advancednetherite:netherite_diamond_axe":874,"minecraft:oak_planks":37,"minecraft:blue_bed":4,"minecraft:sand":4,"minecraft:blast_furnace":3,"minecraft:sponge":120,"minecraft:black_bed":1,"minecraft:deepslate_tiles":93,"sophisticatedbackpacks:backpack":3,"minecraft:bread":82,"minecraft:string":4,"minecraft:lectern":1,"minecraft:gravel":5,"minecraft:wooden_sword":20,"minecraft:grindstone":17,"minecraft:smithing_table":7,"minecraft:andesite":224,"minecraft:oak_boat":16,"minecraft:bone_meal":369,"minecraft:enchanting_table":1,"minecraft:flint_and_steel":78,"alexscaves:spawn_egg_gammaroach":1,"minecraft:armor_stand":1,"minecraft:stone_shovel":176,"minecraft:spruce_planks":1558,"advancednetherite:netherite_diamond_hoe":43,"alexsmobs:spawn_egg_cockroach":53,"minecraft:stone_hoe":133,"minecraft:cooked_chicken":1,"minecraft:torch":122,"minecraft:brewing_stand":1,"minecraft:dirt":222,"minecraft:anvil":4,"minecraft:white_carpet":20,"minecraft:spruce_stairs":126,"alexscaves:spawn_egg_nucleeper":3,"minecraft:granite":32,"advancednetherite:netherite_diamond_pickaxe":5546,"minecraft:wooden_axe":154,"minecraft:bookshelf":47,"minecraft:iron_axe":492,"minecraft:oak_stairs":11,"minecraft:spruce_button":5,"minecraft:barrel":2,"minecraft:glowstone":8,"advancednetherite:netherite_diamond_shovel":102,"minecraft:deepslate_tile_stairs":26,"minecraft:cobbled_deepslate":83,"minecraft:acacia_planks":6,"minecraft:iron_leggings":1,"minecraft:wheat_seeds":379,"minecraft:cooked_mutton":9,"minecraft:water_bucket":33,"minecraft:cobblestone_stairs":179,"minecraft:fletching_table":6,"minecraft:stonecutter":1,"alexsmobs:spawn_egg_farseer":1,"minecraft:mossy_cobblestone":2,"minecraft:tnt":267,"minecraft:crafting_table":16,"minecraft:spruce_log":387,"alexscaves:spawn_egg_brainiac":1,"minecraft:diamond_shovel":118,"minecraft:iron_pickaxe":505,"minecraft:gray_candle":5,"minecraft:spruce_trapdoor":122,"minecraft:blue_carpet":10,"minecraft:pink_bed":14,"minecraft:cobblestone":1812,"minecraft:purple_bed":85,"minecraft:bucket":44,"minecraft:glass_pane":16,"alexsmobs:animal_dictionary":2,"minecraft:stripped_oak_log":7,"minecraft:kelp":1,"minecraft:purple_carpet":21},"minecraft:killed_by":{"minecraft:wither_skeleton":1,"minecraft:drowned":2,"alexsmobs:cachalot_whale":6,"minecraft:zombie":3,"minecraft:player":1,"minecraft:iron_golem":6},"minecraft:custom":{"minecraft:animals_bred":2,"minecraft:interact_with_crafting_table":86,"minecraft:open_barrel":5,"minecraft:bell_ring":60,"minecraft:leave_game":4,"minecraft:time_since_death":5403,"minecraft:sprint_one_cm":1010958,"minecraft:damage_blocked_by_shield":1126,"minecraft:drop":122,"minecraft:talked_to_villager":194,"minecraft:play_time":733570,"minecraft:deaths":23,"minecraft:jump":6112,"minecraft:walk_on_water_one_cm":154260,"minecraft:enchant_item":5,"minecraft:interact_with_furnace":21,"minecraft:traded_with_villager":155,"minecraft:interact_with_loom":16,"minecraft:sleep_in_bed":18,"minecraft:damage_dealt":49477,"minecraft:player_kills":1,"minecraft:crouch_one_cm":57888,"minecraft:interact_with_smithing_table":1,"minecraft:mob_kills":217,"minecraft:interact_with_anvil":12,"minecraft:climb_one_cm":246,"minecraft:walk_one_cm":2662551,"minecraft:sneak_time":19508,"minecraft:walk_under_water_one_cm":315340,"minecraft:boat_one_cm":629662,"minecraft:interact_with_blast_furnace":31,"minecraft:total_world_time":733570,"minecraft:interact_with_grindstone":2,"minecraft:interact_with_stonecutter":9,"minecraft:time_since_rest":5771,"minecraft:damage_taken":10576,"minecraft:swim_one_cm":150925,"minecraft:fly_one_cm":887005,"minecraft:open_chest":33,"minecraft:fall_one_cm":80998},"minecraft:picked_up":{"minecraft:iron_chestplate":3,"alexscaves:waste_drum":1,"minecraft:wheat":275,"minecraft:anvil":3,"minecraft:smithing_table":9,"minecraft:oak_stairs":10,"advancednetherite:netherite_diamond_pickaxe":1,"minecraft:brewing_stand":1,"minecraft:amethyst_block":16,"minecraft:string":14,"minecraft:raw_copper":224,"minecraft:armor_stand":3,"alexsmobs:blood_sac":3,"minecraft:deepslate_tiles":5,"minecraft:gold_nugget":1,"minecraft:cobbled_deepslate":999,"minecraft:bucket":2,"minecraft:spruce_planks":494,"minecraft:calcite":16,"minecraft:coal_block":64,"minecraft:furnace":2,"minecraft:stick":30,"minecraft:torch":38,"minecraft:acacia_log":9,"minecraft:spruce_stairs":39,"minecraft:diorite":201,"minecraft:rotten_flesh":30,"minecraft:iron_block":3,"minecraft:bookshelf":128,"minecraft:blaze_rod":16,"minecraft:obsidian":2,"minecraft:cod":6,"minecraft:cobblestone":3245,"minecraft:sponge":3,"minecraft:birch_log":19,"minecraft:leather_chestplate":1,"minecraft:feather":1,"minecraft:magma_cream":1,"minecraft:andesite":479,"minecraft:black_bed":1,"minecraft:flint":5,"minecraft:tuff":246,"minecraft:lapis_lazuli":85,"minecraft:dirt":630,"minecraft:purple_carpet":7,"minecraft:bone":16,"minecraft:acacia_planks":6,"minecraft:wheat_seeds":719,"alexscaves:toxic_paste":1,"minecraft:raw_gold":46,"minecraft:bell":9,"minecraft:grindstone":17,"minecraft:fletching_table":4,"minecraft:oak_planks":33,"advancednetherite:netherite_diamond_hoe":1,"minecraft:sand":38,"minecraft:ink_sac":1,"minecraft:barrel":1,"minecraft:mossy_cobblestone":2,"minecraft:diamond":16,"minecraft:granite":115,"minecraft:spruce_button":6,"minecraft:emerald":45,"minecraft:bread":4,"minecraft:oak_sapling":27,"minecraft:charcoal":2,"minecraft:fishing_rod":2,"minecraft:crafting_table":12,"minecraft:chicken":1,"minecraft:golden_pickaxe":1,"alexsmobs:farseer_arm":1,"minecraft:flint_and_steel":1,"minecraft:white_carpet":17,"minecraft:oak_boat":16,"minecraft:poppy":12,"minecraft:spruce_slab":44,"minecraft:lectern":2,"minecraft:birch_sapling":5,"minecraft:chest":2,"minecraft:spruce_trapdoor":46,"minecraft:raw_iron":60,"minecraft:copper_ingot":4,"sophisticatedbackpacks:backpack":4,"minecraft:redstone":86,"advancednetherite:netherite_diamond_axe":1,"minecraft:tnt":49,"minecraft:arrow":11,"minecraft:peony":2,"alexscaves:spelunkery_table":1,"minecraft:mutton":9,"minecraft:white_wool":5,"minecraft:wet_sponge":77,"minecraft:stripped_oak_log":8,"advancednetherite:netherite_diamond_shovel":1,"minecraft:leather":10,"alexsmobs:acacia_blossom":1,"alexsmobs:cachalot_whale_tooth":4,"minecraft:oak_log":60,"minecraft:gunpowder":2,"minecraft:cobblestone_stairs":98,"minecraft:blue_bed":6,"minecraft:red_carpet":15,"minecraft:apple":2,"minecraft:stone_bricks":18,"minecraft:kelp":6,"alexsmobs:cockroach_wing_fragment":25,"minecraft:iron_ingot":113,"minecraft:spruce_wood":2,"minecraft:acacia_sapling":1,"sophisticatedbackpacks:diamond_backpack":3,"minecraft:book":33,"minecraft:pink_bed":14,"minecraft:smooth_basalt":9,"minecraft:sweet_berries":70,"alexscaves:fissile_core":1,"minecraft:gravel":57,"minecraft:amethyst_shard":66,"minecraft:spruce_sapling":18,"minecraft:blast_furnace":2,"minecraft:spruce_log":1515,"minecraft:spruce_door":2,"minecraft:spider_eye":3,"minecraft:purple_bed":62,"minecraft:warped_roots":5,"minecraft:black_wool":1,"minecraft:coal":123},"minecraft:dropped":{"minecraft:iron_sword":1,"minecraft:diamond":2,"alexscaves:spawn_egg_brainiac":1,"advancednetherite:netherite_diamond_hoe":1,"minecraft:cobblestone_stairs":48,"minecraft:emerald":45,"minecraft:dirt":128,"minecraft:wooden_sword":1,"minecraft:fishing_rod":3,"minecraft:gravel":32,"minecraft:iron_nugget":2,"minecraft:cobbled_deepslate":51,"minecraft:rotten_flesh":3,"alexsmobs:cachalot_whale_tooth":3,"sophisticatedbackpacks:diamond_backpack":1,"minecraft:poppy":1,"advancednetherite:netherite_diamond_pickaxe":1,"minecraft:iron_ingot":94,"minecraft:bread":39,"minecraft:wheat_seeds":64,"minecraft:tnt":3,"minecraft:bookshelf":128,"minecraft:cobblestone":273,"minecraft:spruce_button":2,"minecraft:copper_ingot":2,"minecraft:coal_block":64,"minecraft:iron_block":3,"minecraft:diorite":8,"minecraft:torch":36,"advancednetherite:netherite_diamond_axe":1,"minecraft:iron_leggings":1,"advancednetherite:netherite_diamond_shovel":1,"minecraft:string":1,"minecraft:bucket":2,"minecraft:raw_iron":12,"minecraft:stone_shovel":2,"minecraft:iron_boots":2,"sophisticatedbackpacks:backpack":1,"minecraft:flint_and_steel":1,"alexsmobs:cockroach_wing_fragment":12,"minecraft:spruce_planks":20,"minecraft:iron_chestplate":3,"minecraft:andesite":64,"minecraft:purple_bed":12,"minecraft:spider_eye":1,"minecraft:spruce_log":1248},"minecraft:killed":{"minecraft:zombified_piglin":3,"minecraft:spider":9,"minecraft:skeleton":10,"alexsmobs:orca":4,"minecraft:chicken":1,"minecraft:silverfish":8,"minecraft:magma_cube":10,"alexscaves:gammaroach":1,"minecraft:zombie_villager":2,"minecraft:iron_golem":11,"minecraft:creeper":4,"alexsmobs:crimson_mosquito":4,"alexsmobs:warped_toad":2,"minecraft:sheep":6,"minecraft:zombie":27,"minecraft:blaze":37,"alexsmobs:farseer":1,"alexscaves:brainiac":1,"alexscaves:nucleeper":3,"minecraft:horse":6,"minecraft:drowned":20,"minecraft:bat":5,"alexsmobs:cockroach":10,"minecraft:wither_skeleton":7,"minecraft:villager":18,"minecraft:enderman":1},"minecraft:broken":{"minecraft:iron_shovel":1,"minecraft:wooden_axe":3,"minecraft:flint_and_steel":1,"minecraft:stone_hoe":1,"minecraft:iron_axe":2,"minecraft:iron_pickaxe":2,"minecraft:iron_helmet":1}},"DataVersion":3465}