{"stats":{"minecraft:mined":{"minecraft:pink_bed":14,"minecraft:obsidian":2,"minecraft:granite":375,"minecraft:chiseled_polished_blackstone":2,"minecraft:acacia_log":9,"minecraft:nether_wart":37,"minecraft:polished_blackstone_bricks":88,"minecraft:tall_seagrass":1,"minecraft:magma_block":104,"minecraft:cobbled_deepslate":24,"minecraft:fire":96,"minecraft:barrel":1,"minecraft:fletching_table":4,"minecraft:deepslate_lapis_ore":11,"minecraft:twisting_vines":1,"minecraft:dirt_path":11,"minecraft:oak_stairs":10,"minecraft:spruce_wood":2,"minecraft:kelp_plant":4,"minecraft:crimson_nylium":80,"minecraft:soul_fire":7,"minecraft:amethyst_cluster":6,"minecraft:torch":33,"minecraft:blast_furnace":2,"minecraft:glass":1,"minecraft:amethyst_block":16,"sophisticatedbackpacks:diamond_backpack":2,"minecraft:wheat":549,"minecraft:black_bed":1,"minecraft:warped_fungus":1,"minecraft:stone_brick_stairs":1,"minecraft:grass":35,"minecraft:smooth_basalt":9,"minecraft:deepslate":1025,"minecraft:deepslate_tiles":5,"minecraft:mossy_cobblestone":2,"minecraft:nether_bricks":106,"minecraft:crimson_roots":1,"minecraft:kelp":1,"minecraft:andesite":943,"minecraft:warped_stem":279,"minecraft:smithing_table":9,"minecraft:glass_pane":4,"minecraft:soul_sand":6,"minecraft:spruce_button":5,"minecraft:sponge":7,"minecraft:warped_roots":4,"minecraft:campfire":1,"minecraft:tall_grass":3,"minecraft:copper_ore":70,"minecraft:deepslate_gold_ore":25,"minecraft:diorite":846,"minecraft:warped_wart_block":720,"minecraft:purple_bed":87,"minecraft:white_carpet":17,"minecraft:spruce_log":369,"minecraft:gravel":222,"minecraft:acacia_planks":6,"minecraft:stone_bricks":19,"minecraft:chipped_anvil":1,"minecraft:spruce_planks":812,"minecraft:farmland":1,"minecraft:cobblestone_stairs":52,"minecraft:brewing_stand":1,"minecraft:spruce_trapdoor":122,"minecraft:budding_amethyst":2,"minecraft:grass_block":79,"minecraft:cracked_polished_blackstone_bricks":20,"minecraft:gilded_blackstone":4,"minecraft:glowstone":5,"minecraft:iron_ore":6,"minecraft:anvil":3,"minecraft:purple_carpet":6,"minecraft:spruce_slab":85,"minecraft:deepslate_redstone_ore":13,"minecraft:blackstone":938,"minecraft:twisting_vines_plant":18,"minecraft:calcite":16,"minecraft:chest":8,"minecraft:nether_quartz_ore":282,"minecraft:cobblestone":1319,"minecraft:grindstone":22,"minecraft:oak_planks":22,"minecraft:wall_torch":13,"minecraft:seagrass":1,"minecraft:warped_nylium":22,"minecraft:nether_wart_block":1,"minecraft:birch_log":19,"minecraft:tnt":6,"minecraft:oak_log":60,"minecraft:sand":112,"minecraft:dirt":554,"minecraft:wither_skeleton_skull":2,"minecraft:netherrack":6985,"minecraft:ancient_debris":30,"minecraft:oak_leaves":11,"minecraft:nether_gold_ore":22,"alexscaves:spelunkery_table":1,"minecraft:red_carpet":15,"minecraft:tuff":658,"minecraft:deepslate_diamond_ore":25,"minecraft:spruce_leaves":16,"minecraft:large_fern":1,"minecraft:furnace":2,"minecraft:carrots":1,"minecraft:stripped_spruce_log":1,"minecraft:peony":2,"minecraft:gold_block":8,"minecraft:bell":13,"minecraft:nether_brick_fence":5,"minecraft:bookshelf":112,"minecraft:shroomlight":14,"minecraft:deepslate_iron_ore":31,"minecraft:stripped_oak_log":8,"minecraft:wet_sponge":224,"minecraft:stone":5119,"sophisticatedbackpacks:backpack":3,"minecraft:basalt":1132,"minecraft:spruce_door":2,"minecraft:crafting_table":14,"minecraft:lectern":2,"minecraft:sculk":2,"minecraft:blue_bed":6,"minecraft:spruce_stairs":76,"minecraft:redstone_torch":1,"minecraft:coal_ore":124,"minecraft:mossy_stone_bricks":1},"minecraft:killed":{"alexsmobs:lobster":1,"minecraft:skeleton":35,"alexsmobs:orca":5,"minecraft:chicken":1,"alexsmobs:straddler":25,"alexsmobs:laviathan":1,"minecraft:magma_cube":73,"alexscaves:gammaroach":1,"minecraft:iron_golem":26,"minecraft:zombie":37,"alexscaves:brainiac":1,"minecraft:horse":6,"minecraft:enderman":13,"minecraft:zombified_piglin":31,"minecraft:spider":24,"minecraft:silverfish":8,"minecraft:piglin_brute":1,"minecraft:piglin":25,"minecraft:zombie_villager":2,"alexsmobs:stradpole":16,"minecraft:creeper":20,"alexsmobs:crimson_mosquito":18,"alexsmobs:warped_toad":2,"minecraft:sheep":6,"minecraft:ghast":5,"minecraft:blaze":84,"alexsmobs:farseer":1,"alexsmobs:bone_serpent":5,"alexsmobs:dropbear":1,"alexscaves:nucleeper":3,"alexsmobs:soul_vulture":1,"minecraft:drowned":24,"minecraft:bat":5,"minecraft:hoglin":2,"alexsmobs:cockroach":13,"minecraft:wither_skeleton":29,"minecraft:villager":28},"minecraft:dropped":{"minecraft:iron_sword":1,"minecraft:lapis_lazuli":768,"minecraft:diamond":34,"minecraft:crossbow":2,"minecraft:cookie":64,"minecraft:warped_roots":5,"advancednetherite:netherite_diamond_hoe":1,"minecraft:saddle":1,"minecraft:emerald":45,"minecraft:dirt":128,"minecraft:stone_button":1,"advancednetherite:netherite_diamond_ingot":1,"sophisticatedbackpacks:netherite_backpack":1,"minecraft:gold_nugget":2,"minecraft:wooden_sword":1,"minecraft:bone_meal":2,"minecraft:iron_pickaxe":1,"minecraft:fishing_rod":5,"sophisticatedbackpacks:advanced_magnet_upgrade":1,"minecraft:iron_nugget":4,"minecraft:cobbled_deepslate":51,"minecraft:black_carpet":1,"minecraft:netherite_sword":1,"minecraft:rotten_flesh":24,"minecraft:nether_brick_fence":2,"alexsmobs:cachalot_whale_tooth":3,"minecraft:salmon":1,"alexsmobs:lobster_bucket":2,"minecraft:stone_brick_stairs":7,"minecraft:enchanted_book":2,"minecraft:iron_ingot":94,"minecraft:wheat_seeds":798,"minecraft:tnt":1347,"minecraft:cobblestone":1106,"minecraft:granite":61,"minecraft:spruce_button":3,"minecraft:coal":1,"minecraft:coal_block":128,"minecraft:lava_bucket":2,"minecraft:diamond_horse_armor":1,"minecraft:sponge":16,"minecraft:diamond_helmet":2,"sophisticatedbackpacks:xp_pump_upgrade":1,"sophisticatedbackpacks:advanced_tool_swapper_upgrade":1,"minecraft:chainmail_leggings":13,"minecraft:string":4,"sophisticatedbackpacks:advanced_filter_upgrade":1,"minecraft:spruce_sapling":7,"alexsmobs:acacia_blossom":1,"minecraft:netherite_ingot":1,"advancednetherite:netherite_gold_sword":1,"minecraft:stone_shovel":9,"minecraft:iron_boots":15,"sophisticatedbackpacks:backpack":1,"advancednetherite:netherite_iron_ingot":1,"minecraft:stone":4,"alexsmobs:cockroach_wing_fragment":12,"minecraft:spruce_planks":380,"minecraft:spider_eye":1,"sophisticatedbackpacks:copper_backpack":1,"minecraft:bow":1,"minecraft:black_wool":1,"minecraft:soul_sand":15,"minecraft:brown_mushroom":1,"sophisticatedbackpacks:stack_upgrade_tier_3":2,"minecraft:diamond_axe":5,"minecraft:warped_fungus":1,"minecraft:netherite_upgrade_smithing_template":3,"withersweapons:diablow":2,"alexscaves:spawn_egg_brainiac":1,"minecraft:leather":1,"minecraft:flint":62,"minecraft:cobblestone_stairs":48,"minecraft:deepslate_tile_stairs":1,"minecraft:redstone_lamp":64,"minecraft:netherite_scrap":21,"minecraft:pumpkin_pie":64,"minecraft:polished_blackstone_bricks":1,"advancednetherite:netherite_gold_ingot":2,"minecraft:gold_ingot":22,"minecraft:gravel":32,"minecraft:crimson_fungus":3,"sophisticatedbackpacks:diamond_backpack":1,"minecraft:carrot":385,"minecraft:poppy":2,"minecraft:leather_chestplate":2,"minecraft:gunpowder":2,"advancednetherite:netherite_diamond_sword":2,"advancednetherite:netherite_diamond_pickaxe":2,"minecraft:chest":6,"minecraft:arrow":90,"minecraft:netherrack":114,"minecraft:bread":1104,"sophisticatedbackpacks:auto_smoking_upgrade":1,"minecraft:bookshelf":128,"minecraft:diamond_leggings":2,"minecraft:copper_ingot":2,"minecraft:stick":1,"minecraft:iron_block":3,"minecraft:diorite":57,"minecraft:torch":100,"advancednetherite:netherite_diamond_axe":1,"minecraft:iron_leggings":1,"advancednetherite:netherite_diamond_shovel":1,"minecraft:bucket":4,"minecraft:smooth_basalt":9,"minecraft:farmland":1,"minecraft:blaze_rod":1,"minecraft:raw_iron":12,"minecraft:wither_skeleton_skull":1,"minecraft:ender_eye":4,"minecraft:flint_and_steel":1,"advancednetherite:netherite_iron_sword":1,"advancednetherite:netherite_emerald_ingot":2,"minecraft:diamond_chestplate":2,"minecraft:netherite_block":2,"minecraft:iron_chestplate":3,"minecraft:andesite":65,"minecraft:purple_bed":24,"minecraft:golden_sword":4,"minecraft:diamond_boots":2,"minecraft:spruce_log":3104,"minecraft:calcite":16},"minecraft:used":{"minecraft:peony":1,"minecraft:nether_brick_fence":2,"minecraft:spruce_slab":729,"minecraft:dispenser":8,"minecraft:poppy":1,"minecraft:ladder":3,"minecraft:black_carpet":10,"minecraft:chest":60,"minecraft:stone":958,"minecraft:farmland":70,"minecraft:rotten_flesh":35,"minecraft:soul_sand":12,"minecraft:spruce_boat":5,"minecraft:lava_bucket":16,"minecraft:villager_spawn_egg":13,"minecraft:black_stained_glass_pane":101,"minecraft:stone_brick_stairs":15,"minecraft:bow":117,"minecraft:sweet_berries":19,"minecraft:furnace":3,"minecraft:diorite":331,"minecraft:warped_fungus_on_a_stick":1,"minecraft:spruce_door":3,"minecraft:powered_rail":16,"minecraft:blackstone":62,"minecraft:composter":2,"minecraft:cookie":64,"minecraft:glow_berries":1,"minecraft:sand":4,"minecraft:blast_furnace":3,"minecraft:deepslate_tiles":152,"minecraft:stone_button":14,"minecraft:lectern":2,"minecraft:diamond_sword":208,"minecraft:wooden_sword":20,"minecraft:smithing_table":9,"minecraft:oak_boat":17,"minecraft:enchanting_table":1,"minecraft:armor_stand":2,"alexsmobs:spawn_egg_cockroach":53,"minecraft:netherrack":1023,"minecraft:torch":351,"minecraft:brewing_stand":1,"minecraft:ancient_debris":1,"minecraft:anvil":6,"advancednetherite:netherite_diamond_pickaxe":20196,"minecraft:iron_axe":492,"minecraft:spruce_button":7,"minecraft:barrel":2,"minecraft:diamond_chestplate":1,"minecraft:basalt":218,"minecraft:glowstone":8,"minecraft:acacia_planks":6,"minecraft:cobbled_deepslate":83,"minecraft:wheat_seeds":693,"minecraft:water_bucket":590,"minecraft:fletching_table":6,"minecraft:spruce_fence_gate":64,"minecraft:mossy_cobblestone":2,"minecraft:rail":19,"minecraft:tnt":1162,"minecraft:crafting_table":19,"minecraft:spruce_log":1037,"minecraft:ender_eye":5,"minecraft:diamond_shovel":118,"minecraft:iron_pickaxe":505,"minecraft:spruce_trapdoor":376,"minecraft:blue_carpet":10,"advancednetherite:netherite_gold_sword":27,"minecraft:pink_bed":14,"minecraft:cobblestone":5548,"minecraft:purple_bed":128,"minecraft:cooked_porkchop":2,"minecraft:porkchop":3,"minecraft:glass_pane":22,"minecraft:stripped_oak_log":7,"minecraft:kelp":1,"advancednetherite:netherite_diamond_sword":181,"minecraft:iron_shovel":250,"minecraft:diamond_hoe":62,"minecraft:shield":75,"minecraft:iron_sword":342,"minecraft:bell":12,"minecraft:spruce_leaves":112,"minecraft:iron_chestplate":2,"minecraft:nether_bricks":52,"minecraft:carrot":134,"minecraft:tuff":349,"minecraft:obsidian":16,"sophisticatedbackpacks:diamond_backpack":3,"minecraft:glass":71,"alexsmobs:lobster_tail":1,"minecraft:spruce_wood":14,"minecraft:lantern":2,"minecraft:iron_helmet":1,"minecraft:stone_bricks":51,"minecraft:spruce_hanging_sign":3,"minecraft:red_carpet":21,"minecraft:magma_block":4,"minecraft:warped_fungus":1,"minecraft:golden_boots":9,"minecraft:chiseled_polished_blackstone":3,"minecraft:diamond_boots":9,"minecraft:wither_skeleton_skull":2,"advancednetherite:netherite_diamond_axe":2763,"minecraft:oak_planks":37,"minecraft:blue_bed":4,"minecraft:crossbow":11,"minecraft:sponge":284,"minecraft:black_bed":2,"minecraft:redstone_torch":7,"sophisticatedbackpacks:backpack":3,"minecraft:bread":243,"minecraft:string":4,"withersweapons:diablow":113,"minecraft:gravel":5,"minecraft:grindstone":19,"minecraft:andesite":467,"minecraft:bone_meal":402,"minecraft:flint_and_steel":142,"alexscaves:spawn_egg_gammaroach":1,"minecraft:redstone":5,"minecraft:stone_shovel":176,"minecraft:spruce_planks":5298,"advancednetherite:netherite_diamond_hoe":461,"minecraft:stone_hoe":133,"minecraft:cooked_chicken":1,"minecraft:dirt":344,"minecraft:white_carpet":21,"minecraft:spruce_stairs":285,"minecraft:diamond_helmet":1,"alexscaves:spawn_egg_nucleeper":3,"minecraft:spruce_fence":13,"minecraft:granite":152,"minecraft:wooden_axe":154,"minecraft:light_gray_stained_glass":4,"minecraft:bookshelf":148,"minecraft:oak_stairs":11,"minecraft:black_stained_glass":123,"advancednetherite:netherite_diamond_shovel":382,"alexsmobs:lobster_bucket":9,"minecraft:deepslate_tile_stairs":26,"minecraft:iron_leggings":1,"minecraft:cooked_mutton":9,"minecraft:cobblestone_stairs":181,"minecraft:stonecutter":1,"alexsmobs:spawn_egg_farseer":1,"minecraft:spider_eye":4,"advancednetherite:netherite_iron_sword":9,"minecraft:apple":8,"alexscaves:spawn_egg_brainiac":1,"minecraft:gray_candle":5,"minecraft:fishing_rod":17,"minecraft:bucket":409,"alexsmobs:animal_dictionary":2,"minecraft:purple_carpet":21},"minecraft:broken":{"minecraft:iron_boots":1,"minecraft:iron_leggings":1,"minecraft:stone_hoe":1,"minecraft:iron_axe":2,"minecraft:iron_pickaxe":2,"minecraft:iron_helmet":2,"minecraft:iron_shovel":1,"minecraft:wooden_axe":3,"minecraft:flint_and_steel":1},"minecraft:picked_up":{"minecraft:iron_chestplate":3,"alexscaves:waste_drum":1,"minecraft:chainmail_boots":1,"minecraft:anvil":3,"minecraft:smithing_table":9,"minecraft:oak_stairs":10,"advancednetherite:netherite_diamond_ingot":1,"alexsmobs:bone_serpent_tooth":1,"advancednetherite:netherite_diamond_pickaxe":2,"minecraft:brewing_stand":1,"minecraft:golden_sword":4,"minecraft:amethyst_block":16,"minecraft:string":17,"minecraft:gold_nugget":3,"minecraft:cobbled_deepslate":1001,"minecraft:spruce_planks":513,"minecraft:netherite_upgrade_smithing_template":2,"sophisticatedbackpacks:netherite_backpack":1,"minecraft:coal_block":128,"minecraft:golden_helmet":1,"minecraft:acacia_log":9,"minecraft:golden_chestplate":1,"sophisticatedbackpacks:stack_upgrade_tier_3":1,"minecraft:iron_block":3,"minecraft:bookshelf":128,"minecraft:blaze_rod":28,"minecraft:sponge":7,"minecraft:birch_log":19,"minecraft:feather":1,"minecraft:flint":1036,"minecraft:twisting_vines":8,"minecraft:purple_carpet":7,"minecraft:glowstone_dust":24,"minecraft:chiseled_polished_blackstone":3,"minecraft:ink_sac":1,"minecraft:barrel":1,"withersweapons:diablow":1,"minecraft:granite":206,"minecraft:spruce_button":6,"minecraft:bread":6,"minecraft:crafting_table":12,"minecraft:nether_wart":85,"minecraft:redstone_lamp":64,"minecraft:golden_pickaxe":1,"advancednetherite:netherite_emerald_ingot":2,"alexsmobs:farseer_arm":1,"minecraft:flint_and_steel":1,"minecraft:white_carpet":17,"minecraft:netherite_sword":1,"minecraft:iron_nugget":10,"minecraft:poppy":15,"minecraft:spruce_slab":45,"minecraft:minecart":11,"minecraft:birch_sapling":5,"minecraft:chest":29,"alexsmobs:straddlite":1,"sophisticatedbackpacks:backpack":4,"minecraft:redstone":194,"minecraft:tnt":719,"minecraft:peony":2,"minecraft:gold_ingot":6,"sophisticatedbackpacks:copper_backpack":1,"minecraft:mutton":9,"minecraft:white_wool":5,"minecraft:rail":1,"minecraft:stripped_oak_log":8,"alexsmobs:acacia_blossom":1,"minecraft:oak_log":60,"minecraft:ancient_debris":20,"minecraft:blue_bed":6,"minecraft:stone_bricks":18,"minecraft:apple":2,"minecraft:kelp":6,"advancednetherite:netherite_iron_ingot":1,"alexsmobs:cockroach_wing_fragment":26,"minecraft:smooth_basalt":9,"minecraft:sweet_berries":70,"minecraft:gravel":132,"minecraft:spruce_sapling":18,"minecraft:spruce_log":2289,"minecraft:crying_obsidian":2,"minecraft:purple_bed":62,"minecraft:warped_roots":5,"minecraft:wheat":476,"minecraft:nether_brick_fence":2,"alexscaves:cave_tablet":1,"minecraft:raw_copper":271,"minecraft:armor_stand":3,"alexsmobs:dropbear_claw":1,"minecraft:deepslate_tiles":5,"alexsmobs:blood_sac":7,"minecraft:bucket":2,"minecraft:redstone_torch":3,"minecraft:calcite":16,"minecraft:furnace":2,"minecraft:iron_boots":10,"minecraft:stick":30,"minecraft:torch":124,"minecraft:spruce_stairs":39,"minecraft:diorite":387,"minecraft:rotten_flesh":48,"minecraft:obsidian":2,"minecraft:cod":6,"minecraft:cobblestone":4332,"minecraft:leather_chestplate":1,"minecraft:magma_cream":5,"minecraft:andesite":831,"minecraft:black_bed":1,"minecraft:tuff":252,"minecraft:lapis_lazuli":105,"minecraft:dirt":669,"minecraft:bone":51,"minecraft:acacia_planks":6,"minecraft:bow":1,"minecraft:wheat_seeds":1189,"alexscaves:toxic_paste":1,"minecraft:raw_gold":55,"minecraft:bell":9,"minecraft:grindstone":19,"minecraft:fletching_table":4,"minecraft:oak_planks":33,"minecraft:cooked_porkchop":5,"advancednetherite:netherite_diamond_hoe":1,"minecraft:sand":113,"minecraft:spectral_arrow":18,"minecraft:mossy_cobblestone":2,"minecraft:diamond":55,"minecraft:crossbow":1,"minecraft:emerald":121,"minecraft:oak_sapling":27,"minecraft:netherrack":856,"minecraft:fishing_rod":4,"minecraft:charcoal":2,"minecraft:chicken":1,"minecraft:brown_mushroom":1,"minecraft:gold_block":1,"minecraft:blackstone":3,"minecraft:oak_boat":16,"minecraft:lectern":2,"minecraft:spruce_trapdoor":46,"minecraft:raw_iron":60,"minecraft:copper_ingot":5,"minecraft:stone_button":1,"advancednetherite:netherite_diamond_axe":1,"minecraft:arrow":23,"minecraft:nether_bricks":1,"alexscaves:spelunkery_table":1,"minecraft:wet_sponge":224,"minecraft:basalt":225,"advancednetherite:netherite_diamond_shovel":1,"minecraft:leather":19,"alexsmobs:cachalot_whale_tooth":4,"minecraft:crimson_fungus":4,"minecraft:nether_wart_block":1,"minecraft:gunpowder":4,"minecraft:cobblestone_stairs":100,"minecraft:red_carpet":15,"advancednetherite:netherite_gold_ingot":2,"minecraft:spruce_wood":2,"minecraft:iron_ingot":132,"minecraft:soul_sand":15,"minecraft:acacia_sapling":1,"sophisticatedbackpacks:diamond_backpack":3,"minecraft:book":33,"minecraft:pink_bed":14,"minecraft:warped_fungus":1,"alexscaves:fissile_core":1,"minecraft:quartz":113,"minecraft:lava_bucket":2,"minecraft:amethyst_shard":66,"minecraft:blast_furnace":2,"minecraft:spruce_door":2,"minecraft:spider_eye":3,"minecraft:chainmail_leggings":13,"minecraft:black_wool":1,"minecraft:coal":125},"minecraft:custom":{"minecraft:interact_with_crafting_table":143,"minecraft:open_barrel":5,"minecraft:bell_ring":172,"minecraft:leave_game":9,"minecraft:time_since_death":22633,"minecraft:damage_blocked_by_shield":2959,"minecraft:play_time":1760975,"minecraft:deaths":57,"minecraft:jump":18901,"minecraft:enchant_item":50,"minecraft:interact_with_furnace":33,"minecraft:traded_with_villager":409,"minecraft:sleep_in_bed":22,"minecraft:damage_dealt":105681,"minecraft:inspect_dispenser":21,"minecraft:interact_with_smithing_table":14,"minecraft:interact_with_anvil":51,"minecraft:damage_dealt_absorbed":160,"minecraft:sneak_time":57293,"minecraft:interact_with_blast_furnace":53,"minecraft:total_world_time":1760975,"minecraft:interact_with_stonecutter":9,"minecraft:time_since_rest":22661,"minecraft:swim_one_cm":282429,"minecraft:fly_one_cm":3103352,"minecraft:open_chest":240,"minecraft:fall_one_cm":355378,"minecraft:animals_bred":2,"minecraft:sprint_one_cm":2707274,"minecraft:drop":447,"minecraft:talked_to_villager":311,"minecraft:walk_on_water_one_cm":286459,"minecraft:interact_with_loom":16,"minecraft:player_kills":3,"minecraft:crouch_one_cm":213950,"minecraft:mob_kills":609,"minecraft:climb_one_cm":5775,"minecraft:walk_one_cm":5876190,"minecraft:strider_one_cm":126777,"minecraft:walk_under_water_one_cm":714703,"minecraft:boat_one_cm":881607,"minecraft:interact_with_grindstone":2,"minecraft:damage_taken":30926},"minecraft:killed_by":{"alexsmobs:straddler":4,"minecraft:magma_cube":1,"alexsmobs:cachalot_whale":6,"minecraft:zombie":3,"minecraft:ghast":1,"minecraft:zombified_piglin":1,"minecraft:wither_skeleton":1,"minecraft:drowned":2,"minecraft:player":1,"minecraft:iron_golem":6,"minecraft:skeleton":1},"minecraft:crafted":{"minecraft:black_dye":1,"minecraft:pink_bed":1,"minecraft:blaze_powder":20,"minecraft:bookshelf":4,"minecraft:cooked_mutton":9,"minecraft:glass":16,"minecraft:diamond_helmet":1,"minecraft:diamond_leggings":1,"advancednetherite:netherite_iron_sword":1,"minecraft:emerald":304,"minecraft:diamond_axe":4,"minecraft:spruce_door":3,"minecraft:copper_ingot":155,"minecraft:fletching_table":1,"advancednetherite:netherite_emerald_sword":1,"advancednetherite:netherite_diamond_ingot":1,"minecraft:iron_pickaxe":3,"minecraft:iron_block":15,"minecraft:gold_ingot":144,"minecraft:netherite_ingot":26,"sophisticatedbackpacks:netherite_backpack":1,"minecraft:stone_shovel":11,"minecraft:iron_nugget":18,"sophisticatedbackpacks:stack_upgrade_tier_3":1,"sophisticatedbackpacks:stack_upgrade_tier_1":1,"minecraft:bone_meal":369,"minecraft:spruce_fence":12,"minecraft:pink_dye":2,"minecraft:white_carpet":3,"minecraft:lantern":2,"minecraft:diamond":297,"minecraft:spruce_stairs":36,"minecraft:ladder":3,"minecraft:spruce_slab":414,"minecraft:diamond_boots":1,"minecraft:chainmail_leggings":12,"minecraft:coal_block":50,"advancednetherite:netherite_iron_ingot":4,"sophisticatedbackpacks:gold_backpack":1,"minecraft:enchanted_book":5,"minecraft:warped_fungus_on_a_stick":1,"minecraft:wooden_axe":3,"minecraft:oak_stairs":4,"minecraft:iron_shovel":1,"minecraft:iron_leggings":1,"minecraft:white_bed":1,"minecraft:oak_planks":244,"minecraft:cooked_chicken":1,"minecraft:stone":89,"minecraft:bow":1,"minecraft:iron_boots":11,"minecraft:chest":13,"minecraft:copper_block":11,"minecraft:netherite_upgrade_smithing_template":18,"minecraft:stone_hoe":2,"minecraft:ender_eye":16,"minecraft:arrow":192,"sophisticatedbackpacks:backpack":1,"minecraft:crafting_table":8,"minecraft:spruce_planks":3244,"minecraft:iron_helmet":1,"minecraft:gold_block":1,"minecraft:birch_planks":76,"minecraft:brewing_stand":1,"sophisticatedbackpacks:upgrade_base":1,"minecraft:spruce_trapdoor":86,"minecraft:iron_chestplate":2,"minecraft:shield":2,"minecraft:netherite_block":1,"sophisticatedbackpacks:diamond_backpack":1,"minecraft:stick":1244,"minecraft:iron_ingot":419,"minecraft:black_bed":1,"minecraft:sponge":113,"minecraft:wooden_sword":1,"minecraft:coal":1467,"minecraft:netherite_sword":1,"sophisticatedbackpacks:stack_upgrade_tier_4":1,"minecraft:spruce_button":1,"minecraft:furnace":1,"sophisticatedbackpacks:stack_upgrade_starter_tier":1,"minecraft:diamond_block":6,"minecraft:glass_pane":16,"minecraft:iron_axe":3,"minecraft:spruce_wood":12,"sophisticatedbackpacks:stack_upgrade_tier_2":1,"minecraft:netherite_scrap":20,"sophisticatedbackpacks:iron_backpack":1,"advancednetherite:netherite_emerald_ingot":2,"minecraft:diamond_sword":6,"advancednetherite:netherite_gold_ingot":3,"minecraft:iron_sword":4,"minecraft:bell":12,"minecraft:bucket":2,"minecraft:bread":351,"minecraft:air":0,"withersweapons:diablow":1,"minecraft:oak_boat":1,"minecraft:stonecutter":1,"minecraft:anvil":3,"minecraft:acacia_planks":36,"minecraft:torch":304,"minecraft:diamond_chestplate":1}},"DataVersion":3465}