{"stats":{"minecraft:custom":{"minecraft:time_since_rest":23519,"minecraft:play_time":45920,"minecraft:crouch_one_cm":1530,"minecraft:sprint_one_cm":59865,"minecraft:damage_taken":1105,"minecraft:walk_one_cm":64446,"minecraft:deaths":4,"minecraft:walk_under_water_one_cm":6021,"minecraft:sneak_time":752,"minecraft:mob_kills":4,"minecraft:drop":102,"minecraft:jump":491,"minecraft:damage_dealt":1237,"minecraft:leave_game":3,"minecraft:time_since_death":23437,"minecraft:walk_on_water_one_cm":8045,"minecraft:total_world_time":45920,"minecraft:swim_one_cm":16272,"minecraft:fly_one_cm":115082,"minecraft:fall_one_cm":5759},"minecraft:used":{"minecraft:rotten_flesh":3,"minecraft:dirt":2,"minecraft:apple":1,"minecraft:granite":1,"minecraft:snowball":11},"minecraft:mined":{"minecraft:grass_block":3,"minecraft:dirt":1,"minecraft:ice":1,"minecraft:fern":1},"minecraft:picked_up":{"minecraft:bone":2,"minecraft:arrow":1,"minecraft:rotten_flesh":4,"minecraft:apple":4163,"minecraft:granite":1,"minecraft:spruce_log":2,"minecraft:snowball":20,"minecraft:dirt":59,"minecraft:cobblestone":2},"minecraft:dropped":{"minecraft:dirt":6,"minecraft:apple":6400,"minecraft:snowball":9},"minecraft:killed_by":{"minecraft:creeper":1,"minecraft:polar_bear":1,"minecraft:zombie":2},"minecraft:killed":{"minecraft:skeleton":1,"minecraft:pillager":1,"minecraft:zombie":2}},"DataVersion":3465}