{"stats":{"minecraft:killed_by":{"minecraft:enderman":1,"minecraft:skeleton":1},"minecraft:custom":{"minecraft:interact_with_anvil":2,"minecraft:mob_kills":90,"minecraft:animals_bred":6,"minecraft:inspect_hopper":43,"minecraft:interact_with_crafting_table":90,"minecraft:fill_cauldron":7,"goblintraders:trade_with_goblin":80,"minecraft:leave_game":1,"minecraft:time_since_death":5751,"minecraft:sprint_one_cm":789068,"minecraft:walk_one_cm":878218,"minecraft:damage_blocked_by_shield":2825,"minecraft:drop":58,"minecraft:talked_to_villager":3,"minecraft:play_time":324345,"minecraft:deaths":5,"minecraft:sneak_time":7715,"minecraft:walk_under_water_one_cm":3681,"minecraft:boat_one_cm":1999,"minecraft:jump":6080,"minecraft:walk_on_water_one_cm":39461,"minecraft:total_world_time":324345,"minecraft:interact_with_furnace":93,"minecraft:sleep_in_bed":5,"minecraft:time_since_rest":5815,"minecraft:damage_taken":5215,"minecraft:damage_dealt":16248,"minecraft:swim_one_cm":6440,"minecraft:fly_one_cm":1029941,"minecraft:open_chest":163,"minecraft:crouch_one_cm":13051,"minecraft:interact_with_smoker":27,"minecraft:use_cauldron":19,"minecraft:fall_one_cm":101639},"minecraft:crafted":{"minecraft:cherry_planks":388,"minecraft:oak_planks":224,"minecraft:coal":1,"minecraft:cherry_slab":138,"minecraft:furnace":6,"minecraft:cherry_boat":1,"minecraft:bone_meal":165,"minecraft:pink_carpet":3,"minecraft:pink_dye":5,"minecraft:white_carpet":3,"minecraft:cooked_mutton":15,"minecraft:glass":3,"minecraft:hopper":5,"minecraft:iron_boots":1,"minecraft:iron_axe":5,"betterend:charcoal_block":7,"minecraft:iron_hoe":1,"minecraft:stone_pickaxe":1,"minecraft:chest":15,"minecraft:oak_fence":69,"sophisticatedbackpacks:iron_backpack":1,"minecraft:smoker":1,"minecraft:cooked_beef":11,"minecraft:red_dye":1,"minecraft:glass_bottle":3,"minecraft:oak_slab":12,"sophisticatedbackpacks:backpack":1,"minecraft:cauldron":1,"minecraft:cooked_porkchop":5,"minecraft:crafting_table":5,"minecraft:iron_helmet":1,"minecraft:wooden_pickaxe":1,"minecraft:baked_potato":335,"minecraft:red_bed":1,"minecraft:copper_ingot":60,"sophisticatedbackpacks:gold_backpack":1,"minecraft:gold_block":2,"minecraft:bucket":1,"minecraft:stone_axe":1,"minecraft:air":0,"minecraft:oak_boat":3,"minecraft:diamond_pickaxe":1,"minecraft:charcoal":128,"minecraft:shield":2,"minecraft:stick":148,"minecraft:iron_ingot":170,"minecraft:iron_pickaxe":5,"minecraft:wooden_axe":1,"minecraft:iron_block":3,"minecraft:iron_leggings":1,"minecraft:gold_ingot":88,"minecraft:anvil":1,"minecraft:white_bed":1,"minecraft:composter":2,"minecraft:torch":256},"minecraft:picked_up":{"minecraft:crafting_table":7,"minecraft:wheat":29,"minecraft:anvil":1,"minecraft:lead":3,"minecraft:wooden_pickaxe":3,"minecraft:gold_block":3,"minecraft:golden_shovel":1,"minecraft:stripped_cherry_log":6,"minecraft:shield":1,"minecraft:string":7,"minecraft:red_bed":10,"minecraft:raw_copper":56,"minecraft:iron_axe":2,"minecraft:flint_and_steel":1,"minecraft:iron_leggings":1,"minecraft:cobbled_deepslate":237,"minecraft:beef":4,"minecraft:oak_boat":7,"minecraft:poppy":1,"minecraft:iron_pickaxe":2,"minecraft:iron_boots":3,"minecraft:furnace":6,"minecraft:raw_iron":124,"minecraft:stick":229,"minecraft:composter":1,"minecraft:oak_fence":60,"minecraft:torch":23,"minecraft:porkchop":5,"minecraft:cherry_log":583,"minecraft:diorite":169,"minecraft:pointed_dripstone":5,"minecraft:redstone":128,"minecraft:golden_chestplate":2,"minecraft:arrow":24,"minecraft:rotten_flesh":39,"minecraft:gold_ingot":3,"minecraft:obsidian":35,"minecraft:mutton":9,"minecraft:white_wool":8,"minecraft:cobblestone":365,"minecraft:pink_petals":2400,"minecraft:cherry_planks":20,"minecraft:water_bucket":2,"minecraft:andesite":64,"minecraft:leather":11,"minecraft:potato":477,"minecraft:flint":2,"minecraft:tuff":4,"minecraft:oak_log":56,"minecraft:gunpowder":10,"minecraft:lapis_lazuli":122,"minecraft:dirt":74,"minecraft:bone":18,"minecraft:apple":2,"minecraft:wheat_seeds":96,"minecraft:raw_gold":34,"minecraft:iron_ingot":64,"minecraft:oak_planks":42,"minecraft:iron_sword":2,"minecraft:stone_brick_slab":1,"minecraft:dandelion":1,"minecraft:poisonous_potato":1,"minecraft:dripstone_block":5,"minecraft:sand":3,"minecraft:spider_eye":1,"minecraft:iron_hoe":1,"minecraft:diamond":6,"minecraft:iron_helmet":2,"minecraft:granite":15,"betterend:charcoal_block":2,"minecraft:bone_meal":36,"minecraft:cherry_sapling":332,"minecraft:netherrack":2,"minecraft:emerald":2,"minecraft:coal":64,"minecraft:baked_potato":29,"minecraft:oak_sapling":28,"minecraft:cherry_slab":1,"minecraft:hopper":1},"minecraft:killed":{"minecraft:cave_spider":1,"minecraft:spider":2,"minecraft:horse":4,"minecraft:skeleton":17,"minecraft:silverfish":4,"minecraft:magma_cube":1,"minecraft:pig":3,"minecraft:bat":1,"minecraft:creeper":7,"minecraft:sheep":5,"minecraft:zombie":35,"minecraft:enderman":3,"minecraft:cow":3},"minecraft:used":{"minecraft:cherry_boat":1,"minecraft:oak_fence":55,"minecraft:cherry_sapling":105,"minecraft:flint_and_steel":1,"minecraft:chest":9,"minecraft:shield":54,"minecraft:iron_sword":48,"minecraft:netherrack":1,"minecraft:rotten_flesh":8,"minecraft:torch":237,"minecraft:anvil":1,"minecraft:dirt":51,"minecraft:mutton":1,"minecraft:hopper":6,"minecraft:tuff":1,"minecraft:pink_carpet":3,"minecraft:granite":1,"minecraft:obsidian":20,"minecraft:iron_hoe":90,"minecraft:stone_brick_slab":1,"minecraft:wooden_axe":67,"minecraft:lava_bucket":5,"minecraft:iron_axe":561,"minecraft:cherry_slab":6,"minecraft:iron_helmet":1,"minecraft:furnace":11,"minecraft:potato":118,"minecraft:cobbled_deepslate":33,"minecraft:cherry_log":63,"minecraft:iron_leggings":1,"minecraft:cooked_mutton":7,"minecraft:wheat_seeds":30,"betterend:charcoal_block":2,"minecraft:water_bucket":44,"minecraft:diorite":37,"minecraft:stone_pickaxe":133,"minecraft:glass_bottle":16,"minecraft:baked_potato":77,"minecraft:wooden_pickaxe":16,"minecraft:composter":3,"minecraft:cauldron":1,"minecraft:oak_slab":5,"minecraft:crafting_table":11,"minecraft:red_bed":10,"minecraft:smoker":1,"minecraft:diamond_pickaxe":30,"minecraft:apple":2,"minecraft:bread":2,"minecraft:iron_pickaxe":871,"minecraft:stone_axe":74,"minecraft:pink_petals":515,"minecraft:potion":7,"minecraft:cobblestone":126,"minecraft:cooked_porkchop":5,"minecraft:bucket":50,"minecraft:oak_boat":9,"minecraft:air":7,"minecraft:bone_meal":232},"minecraft:broken":{"minecraft:stone_pickaxe":1,"minecraft:shield":1,"minecraft:stone_axe":1,"minecraft:iron_pickaxe":2,"minecraft:wooden_axe":1},"minecraft:dropped":{"minecraft:iron_ingot":18,"minecraft:water_bucket":1,"minecraft:wheat_seeds":6,"minecraft:baked_potato":112,"minecraft:diamond":1,"minecraft:iron_helmet":1,"minecraft:granite":1,"minecraft:coal":1,"minecraft:stick":6,"minecraft:diorite":64,"minecraft:torch":8,"minecraft:iron_leggings":1,"minecraft:iron_axe":1,"minecraft:pink_petals":82,"minecraft:white_wool":1,"minecraft:gold_ingot":5,"minecraft:dandelion":1,"minecraft:golden_chestplate":1,"minecraft:tuff":3,"minecraft:wheat":3,"minecraft:cherry_sapling":64,"minecraft:rotten_flesh":5,"minecraft:oak_planks":28,"minecraft:iron_boots":2,"minecraft:cooked_mutton":8,"minecraft:gunpowder":3,"minecraft:diamond_pickaxe":1,"minecraft:charcoal":40,"minecraft:wooden_pickaxe":4},"minecraft:mined":{"minecraft:tuff":4,"minecraft:farmland":1,"minecraft:deepslate_diamond_ore":5,"minecraft:cherry_log":386,"minecraft:stripped_cherry_log":6,"minecraft:obsidian":21,"minecraft:glow_lichen":1,"minecraft:granite":15,"minecraft:grass_block":19,"minecraft:composter":1,"minecraft:hopper":1,"minecraft:furnace":6,"minecraft:iron_ore":70,"minecraft:cobbled_deepslate":6,"minecraft:andesite":64,"minecraft:anvil":1,"minecraft:deepslate_lapis_ore":14,"minecraft:gold_block":3,"minecraft:pointed_dripstone":1,"minecraft:potatoes":62,"minecraft:deepslate_iron_ore":55,"minecraft:stone":352,"minecraft:deepslate_redstone_ore":18,"minecraft:red_bed":11,"betterend:charcoal_block":2,"minecraft:stone_brick_slab":1,"minecraft:oak_fence":19,"minecraft:crafting_table":7,"minecraft:torch":12,"minecraft:emerald_ore":1,"minecraft:poppy":1,"minecraft:tall_grass":30,"minecraft:copper_ore":19,"minecraft:cobblestone":11,"minecraft:deepslate_gold_ore":25,"minecraft:lapis_ore":6,"minecraft:diorite":108,"minecraft:wall_torch":4,"minecraft:cherry_slab":1,"minecraft:pink_petals":391,"minecraft:wheat":8,"minecraft:grass":123,"minecraft:oak_log":56,"minecraft:coal_ore":63,"minecraft:sand":3,"minecraft:dripstone_block":5,"minecraft:dirt":24,"minecraft:cobweb":1,"minecraft:netherrack":2,"minecraft:gold_ore":2,"minecraft:oak_leaves":6,"minecraft:deepslate":157,"minecraft:infested_stone":6}},"DataVersion":3465}