{"stats":{"minecraft:crafted":{"minecraft:wooden_sword":1,"minecraft:crafting_table":2,"minecraft:spruce_planks":20},"minecraft:used":{"minecraft:apple":1,"minecraft:rotten_flesh":9,"minecraft:wooden_sword":20,"minecraft:dirt":4,"minecraft:crafting_table":1,"minecraft:granite":1,"minecraft:snowball":43},"minecraft:custom":{"minecraft:time_since_rest":116,"minecraft:sprint_one_cm":101224,"minecraft:damage_taken":2370,"minecraft:walk_one_cm":101469,"minecraft:mob_kills":9,"minecraft:drop":105,"minecraft:damage_dealt":1825,"minecraft:interact_with_crafting_table":1,"minecraft:swim_one_cm":19131,"minecraft:fly_one_cm":208922,"minecraft:crouch_one_cm":1576,"minecraft:play_time":59808,"minecraft:deaths":9,"minecraft:sneak_time":820,"minecraft:walk_under_water_one_cm":6162,"minecraft:jump":788,"minecraft:leave_game":7,"minecraft:walk_on_water_one_cm":8733,"minecraft:time_since_death":0,"minecraft:total_world_time":59808,"minecraft:fall_one_cm":12137},"minecraft:mined":{"minecraft:ice":1,"minecraft:spruce_log":2,"minecraft:grass_block":5,"minecraft:dirt":2,"minecraft:fern":3},"minecraft:picked_up":{"minecraft:stick":1,"minecraft:feather":2,"minecraft:chicken":1,"minecraft:spruce_sapling":2,"minecraft:spruce_log":7,"minecraft:string":2,"minecraft:dirt":136,"minecraft:wooden_sword":1,"minecraft:apple":4163,"minecraft:bone":5,"minecraft:arrow":7,"minecraft:rotten_flesh":11,"minecraft:spruce_planks":2,"minecraft:granite":1,"minecraft:snowball":78,"minecraft:cobblestone":2},"minecraft:dropped":{"minecraft:dirt":6,"minecraft:snowball":9,"minecraft:apple":6400,"minecraft:arrow":1,"minecraft:bone":2},"minecraft:killed_by":{"minecraft:skeleton":1,"minecraft:creeper":2,"minecraft:polar_bear":1,"minecraft:spider":1,"minecraft:zombie":4},"minecraft:killed":{"minecraft:skeleton":1,"minecraft:pillager":1,"minecraft:zombie":3}},"DataVersion":3465}