{"stats":{"minecraft:picked_up":{"minecraft:wheat_seeds":3,"minecraft:wooden_pickaxe":1,"minecraft:spider_eye":1,"minecraft:iron_boots":1},"minecraft:custom":{"minecraft:time_since_rest":65619,"minecraft:crouch_one_cm":27,"minecraft:play_time":65619,"minecraft:sprint_one_cm":2338,"minecraft:damage_taken":38,"minecraft:walk_one_cm":9910,"minecraft:sneak_time":28,"minecraft:drop":32,"minecraft:jump":62,"minecraft:damage_dealt":245,"minecraft:time_since_death":65619,"minecraft:total_world_time":65619,"minecraft:fly_one_cm":8968,"minecraft:fall_one_cm":1100},"minecraft:dropped":{"minecraft:iron_leggings":1,"minecraft:iron_ingot":14,"minecraft:iron_boots":2,"sophisticatedbackpacks:backpack":1,"minecraft:wheat_seeds":3,"minecraft:wooden_pickaxe":1,"minecraft:oak_log":256,"minecraft:iron_chestplate":1,"minecraft:coal":5},"minecraft:mined":{"minecraft:oak_leaves":7},"minecraft:used":{"sophisticatedbackpacks:backpack":1,"handcrafted:white_cup":1,"handcrafted:oak_dining_bench":1,"mobscarecrow:gold_pig_plushie":1,"handcrafted:jungle_bench":5}},"DataVersion":3465}