{"stats":{"minecraft:mined":{"minecraft:red_carpet":14,"minecraft:spruce_planks":94,"minecraft:mossy_cobblestone":2,"minecraft:pink_bed":13,"minecraft:cobblestone_stairs":42,"minecraft:spruce_trapdoor":17,"minecraft:acacia_log":9,"minecraft:grass_block":4,"minecraft:spruce_leaves":16,"minecraft:furnace":2,"minecraft:andesite":269,"minecraft:fletching_table":3,"minecraft:peony":2,"minecraft:bell":9,"minecraft:bookshelf":6,"minecraft:oak_stairs":10,"minecraft:purple_carpet":6,"minecraft:spruce_wood":2,"minecraft:stone":345,"sophisticatedbackpacks:backpack":3,"minecraft:spruce_slab":18,"minecraft:smithing_table":7,"minecraft:glass_pane":4,"minecraft:kelp_plant":3,"minecraft:crafting_table":12,"minecraft:torch":6,"minecraft:spruce_button":5,"minecraft:blast_furnace":1,"minecraft:chest":2,"minecraft:lectern":1,"minecraft:campfire":1,"minecraft:copper_ore":15,"minecraft:cobblestone":61,"minecraft:grindstone":12,"minecraft:oak_planks":21,"minecraft:blue_bed":4,"minecraft:diorite":14,"minecraft:wall_torch":5,"minecraft:spruce_stairs":14,"minecraft:purple_bed":37,"minecraft:birch_log":19,"minecraft:white_carpet":17,"minecraft:spruce_log":325,"minecraft:grass":3,"minecraft:coal_ore":16,"minecraft:oak_log":60,"minecraft:gravel":6,"minecraft:sand":19,"minecraft:dirt":17,"minecraft:acacia_planks":6,"minecraft:oak_leaves":9},"minecraft:crafted":{"minecraft:black_dye":1,"minecraft:wooden_sword":1,"minecraft:oak_planks":240,"minecraft:stone_shovel":4,"minecraft:iron_nugget":18,"minecraft:pink_bed":1,"minecraft:spruce_button":1,"minecraft:pink_dye":2,"minecraft:white_carpet":3,"minecraft:cooked_mutton":7,"minecraft:glass_pane":16,"minecraft:lantern":2,"minecraft:glass":16,"minecraft:spruce_stairs":24,"minecraft:iron_axe":3,"minecraft:spruce_wood":12,"minecraft:spruce_slab":36,"minecraft:chest":4,"minecraft:emerald":27,"sophisticatedbackpacks:backpack":1,"minecraft:crafting_table":3,"minecraft:spruce_planks":380,"minecraft:iron_sword":2,"minecraft:spruce_door":3,"minecraft:fletching_table":1,"minecraft:birch_planks":76,"minecraft:air":0,"minecraft:oak_boat":1,"minecraft:spruce_trapdoor":4,"minecraft:iron_chestplate":1,"minecraft:stick":584,"minecraft:iron_pickaxe":1,"minecraft:oak_stairs":4,"minecraft:wooden_axe":3,"minecraft:black_bed":1,"minecraft:white_bed":1,"minecraft:acacia_planks":36,"minecraft:torch":4},"minecraft:killed_by":{"minecraft:drowned":2,"alexsmobs:cachalot_whale":6},"minecraft:killed":{"minecraft:spider":2,"minecraft:horse":6,"minecraft:skeleton":3,"alexsmobs:orca":2,"minecraft:chicken":1,"minecraft:drowned":17,"minecraft:zombie_villager":1,"minecraft:sheep":6,"minecraft:zombie":11},"minecraft:broken":{"minecraft:iron_axe":2,"minecraft:iron_pickaxe":2,"minecraft:wooden_axe":3},"minecraft:picked_up":{"minecraft:charcoal":2,"minecraft:iron_chestplate":3,"minecraft:crafting_table":11,"minecraft:chicken":1,"minecraft:golden_pickaxe":1,"minecraft:smithing_table":7,"minecraft:oak_stairs":10,"minecraft:string":9,"minecraft:raw_copper":57,"minecraft:flint_and_steel":1,"minecraft:armor_stand":3,"minecraft:white_carpet":17,"minecraft:spruce_planks":94,"minecraft:oak_boat":16,"minecraft:spruce_slab":20,"minecraft:lectern":1,"minecraft:chest":2,"minecraft:birch_sapling":5,"minecraft:spruce_trapdoor":17,"minecraft:furnace":2,"minecraft:stick":30,"minecraft:copper_ingot":4,"minecraft:torch":12,"minecraft:acacia_log":9,"minecraft:spruce_stairs":14,"sophisticatedbackpacks:backpack":4,"minecraft:diorite":14,"minecraft:arrow":5,"minecraft:rotten_flesh":24,"minecraft:peony":2,"minecraft:mutton":9,"minecraft:cod":6,"minecraft:white_wool":5,"minecraft:cobblestone":419,"minecraft:birch_log":19,"minecraft:feather":1,"minecraft:andesite":269,"minecraft:leather":10,"alexsmobs:acacia_blossom":1,"alexsmobs:cachalot_whale_tooth":3,"minecraft:oak_log":60,"minecraft:cobblestone_stairs":42,"minecraft:blue_bed":4,"minecraft:dirt":21,"minecraft:purple_carpet":6,"minecraft:red_carpet":14,"minecraft:bone":3,"minecraft:acacia_planks":6,"minecraft:apple":2,"minecraft:kelp":6,"minecraft:bell":9,"minecraft:spruce_wood":2,"minecraft:grindstone":12,"minecraft:fletching_table":3,"minecraft:acacia_sapling":1,"minecraft:oak_planks":32,"minecraft:book":18,"minecraft:pink_bed":13,"minecraft:sweet_berries":55,"minecraft:gravel":6,"minecraft:sand":20,"minecraft:spruce_sapling":18,"minecraft:ink_sac":1,"minecraft:blast_furnace":1,"minecraft:spruce_log":384,"minecraft:spider_eye":1,"minecraft:mossy_cobblestone":2,"minecraft:purple_bed":37,"minecraft:spruce_button":6,"minecraft:oak_sapling":27,"minecraft:black_wool":1,"minecraft:coal":16},"minecraft:dropped":{"minecraft:cobblestone":17,"minecraft:spruce_button":2,"minecraft:copper_ingot":2,"minecraft:string":1,"minecraft:gravel":4,"minecraft:iron_nugget":2,"sophisticatedbackpacks:backpack":1,"alexsmobs:cachalot_whale_tooth":3,"minecraft:iron_chestplate":1,"minecraft:spider_eye":1,"minecraft:spruce_log":64},"minecraft:custom":{"minecraft:mob_kills":51,"minecraft:interact_with_crafting_table":41,"minecraft:bell_ring":60,"minecraft:leave_game":2,"minecraft:time_since_death":215850,"minecraft:sprint_one_cm":342553,"minecraft:walk_one_cm":965824,"minecraft:drop":14,"minecraft:talked_to_villager":98,"minecraft:play_time":249570,"minecraft:deaths":9,"minecraft:sneak_time":7436,"minecraft:walk_under_water_one_cm":80705,"minecraft:boat_one_cm":629662,"minecraft:jump":2062,"minecraft:walk_on_water_one_cm":46673,"minecraft:total_world_time":249570,"minecraft:interact_with_furnace":11,"minecraft:traded_with_villager":23,"minecraft:interact_with_grindstone":2,"minecraft:sleep_in_bed":11,"minecraft:time_since_rest":30510,"minecraft:damage_taken":3599,"minecraft:damage_dealt":11373,"minecraft:swim_one_cm":85181,"minecraft:fly_one_cm":294486,"minecraft:open_chest":24,"minecraft:crouch_one_cm":20156,"minecraft:fall_one_cm":35193},"minecraft:used":{"minecraft:peony":1,"minecraft:flint_and_steel":1,"minecraft:armor_stand":1,"minecraft:stone_shovel":16,"minecraft:spruce_slab":53,"minecraft:spruce_planks":349,"minecraft:chest":5,"minecraft:stone":81,"minecraft:iron_sword":15,"minecraft:bell":8,"minecraft:rotten_flesh":25,"minecraft:iron_chestplate":2,"minecraft:torch":14,"minecraft:dirt":8,"minecraft:white_carpet":20,"minecraft:spruce_stairs":36,"advancednetherite:netherite_diamond_pickaxe":305,"minecraft:wooden_axe":154,"minecraft:lantern":2,"minecraft:spruce_wood":14,"minecraft:iron_axe":492,"minecraft:oak_stairs":11,"minecraft:spruce_button":5,"minecraft:iron_helmet":1,"minecraft:barrel":2,"minecraft:spruce_hanging_sign":3,"minecraft:red_carpet":19,"minecraft:sweet_berries":4,"minecraft:furnace":2,"minecraft:acacia_planks":6,"minecraft:iron_leggings":1,"minecraft:cooked_mutton":7,"minecraft:cobblestone_stairs":42,"minecraft:spruce_door":1,"advancednetherite:netherite_diamond_axe":177,"minecraft:oak_planks":37,"minecraft:blue_bed":4,"minecraft:fletching_table":4,"minecraft:mossy_cobblestone":2,"minecraft:sand":4,"minecraft:crafting_table":13,"minecraft:blast_furnace":1,"minecraft:black_bed":1,"minecraft:spruce_log":274,"sophisticatedbackpacks:backpack":3,"minecraft:bread":8,"minecraft:string":4,"minecraft:gray_candle":5,"minecraft:iron_pickaxe":505,"minecraft:lectern":1,"minecraft:spruce_trapdoor":21,"minecraft:gravel":2,"minecraft:pink_bed":14,"minecraft:wooden_sword":20,"minecraft:cobblestone":67,"minecraft:purple_bed":37,"minecraft:grindstone":12,"minecraft:smithing_table":7,"minecraft:andesite":86,"minecraft:glass_pane":16,"alexsmobs:animal_dictionary":2,"minecraft:oak_boat":16,"minecraft:kelp":1}},"DataVersion":3465}