{"stats":{"minecraft:picked_up":{"minecraft:wooden_axe":2,"minecraft:crafting_table":7,"minecraft:wooden_pickaxe":2,"minecraft:oak_log":31,"minecraft:gunpowder":2,"minecraft:string":22,"minecraft:dirt":14,"minecraft:bone":14,"minecraft:apple":1,"minecraft:iron_ingot":5,"minecraft:stone_pickaxe":2,"minecraft:iron_pickaxe":2,"minecraft:light_gray_wool":1,"minecraft:oak_planks":76,"minecraft:furnace":6,"minecraft:stick":6,"minecraft:raw_iron":8,"minecraft:music_disc_13":2,"minecraft:torch":17,"minecraft:diorite":1,"minecraft:carrot":1,"minecraft:spider_eye":6,"minecraft:arrow":17,"minecraft:rotten_flesh":5,"minecraft:stone_axe":2,"minecraft:hay_block":28,"minecraft:emerald":3,"minecraft:melon_seeds":4,"minecraft:mutton":6,"minecraft:coal":402,"minecraft:white_wool":8,"minecraft:cobblestone":150},"minecraft:custom":{"minecraft:interact_with_furnace":15,"minecraft:mob_kills":21,"minecraft:interact_with_crafting_table":10,"minecraft:leave_game":6,"minecraft:time_since_death":13126,"minecraft:sleep_in_bed":1,"minecraft:time_since_rest":2488,"minecraft:sprint_one_cm":110193,"minecraft:damage_taken":740,"minecraft:walk_one_cm":86429,"minecraft:damage_blocked_by_shield":85,"minecraft:damage_dealt":4428,"minecraft:talked_to_villager":2,"minecraft:swim_one_cm":27,"minecraft:fly_one_cm":227803,"minecraft:open_chest":4,"minecraft:crouch_one_cm":102,"minecraft:play_time":33959,"minecraft:deaths":2,"minecraft:sneak_time":565,"minecraft:walk_under_water_one_cm":467,"minecraft:jump":907,"minecraft:walk_on_water_one_cm":1697,"minecraft:total_world_time":33959,"minecraft:fall_one_cm":25452},"minecraft:killed_by":{"minecraft:spider":1,"minecraft:zombie":1},"minecraft:killed":{"minecraft:spider":3,"minecraft:iron_golem":1,"minecraft:skeleton":5,"minecraft:sheep":5,"minecraft:zombie":4,"minecraft:drowned":1},"minecraft:mined":{"minecraft:crafting_table":5,"minecraft:torch":2,"minecraft:emerald_ore":1,"minecraft:diorite":1,"minecraft:wall_torch":1,"minecraft:hay_block":28,"minecraft:furnace":4,"minecraft:iron_ore":8,"minecraft:coal_ore":133,"minecraft:oak_log":23,"minecraft:stone":54,"minecraft:oak_leaves":6},"minecraft:used":{"minecraft:cooked_mutton":6,"minecraft:stone_pickaxe":103,"minecraft:poppy":1,"minecraft:wooden_pickaxe":21,"minecraft:shield":3,"minecraft:torch":8,"minecraft:dirt":7,"minecraft:crafting_table":5,"minecraft:oak_log":3,"minecraft:wooden_axe":24,"minecraft:apple":1,"minecraft:iron_pickaxe":78,"minecraft:stone_axe":69,"minecraft:hay_block":3,"minecraft:furnace":4},"minecraft:broken":{"minecraft:stone_axe":1},"minecraft:crafted":{"minecraft:oak_planks":56,"minecraft:crafting_table":1,"minecraft:wooden_pickaxe":1,"minecraft:furnace":1,"minecraft:stone_axe":2,"minecraft:cooked_mutton":6,"minecraft:air":0,"minecraft:shield":1,"minecraft:stick":16,"minecraft:iron_ingot":7,"minecraft:iron_pickaxe":1,"minecraft:stone_pickaxe":1,"minecraft:wooden_axe":1,"minecraft:torch":12}},"DataVersion":3465}