{"stats":{"minecraft:custom":{"minecraft:time_since_rest":7887,"minecraft:sprint_one_cm":58163,"minecraft:crouch_one_cm":1499,"minecraft:play_time":30288,"minecraft:deaths":4,"minecraft:damage_taken":1025,"minecraft:walk_one_cm":61967,"minecraft:sneak_time":730,"minecraft:walk_under_water_one_cm":6021,"minecraft:mob_kills":1,"minecraft:drop":102,"minecraft:jump":427,"minecraft:damage_dealt":825,"minecraft:leave_game":2,"minecraft:time_since_death":7805,"minecraft:walk_on_water_one_cm":8045,"minecraft:total_world_time":30288,"minecraft:fly_one_cm":112446,"minecraft:swim_one_cm":16272,"minecraft:fall_one_cm":4656},"minecraft:used":{"minecraft:rotten_flesh":1,"minecraft:apple":1,"minecraft:dirt":2,"minecraft:granite":1,"minecraft:snowball":11},"minecraft:mined":{"minecraft:grass_block":3,"minecraft:dirt":1,"minecraft:ice":1,"minecraft:fern":1},"minecraft:picked_up":{"minecraft:rotten_flesh":1,"minecraft:apple":4163,"minecraft:granite":1,"minecraft:spruce_log":2,"minecraft:snowball":20,"minecraft:dirt":59,"minecraft:cobblestone":2},"minecraft:dropped":{"minecraft:dirt":6,"minecraft:apple":6400,"minecraft:snowball":9},"minecraft:killed_by":{"minecraft:creeper":1,"minecraft:polar_bear":1,"minecraft:zombie":2},"minecraft:killed":{"minecraft:pillager":1}},"DataVersion":3465}