{"stats":{"minecraft:killed_by":{"minecraft:zombie_villager":2,"minecraft:creeper":1,"minecraft:spider":1,"minecraft:skeleton":5},"minecraft:mined":{"create:zinc_ore":24,"create:andesite_casing":13,"minecraft:cobblestone_stairs":1,"minecraft:grass_block":16,"create:large_cogwheel":4,"minecraft:jungle_log":37,"minecraft:spruce_leaves":8,"create:belt":1,"create:shaft":10,"minecraft:furnace":1,"minecraft:iron_ore":91,"minecraft:andesite":1,"minecraft:vine":1,"minecraft:stone":284,"create:limestone":26,"create:cogwheel":8,"minecraft:clay":1,"minecraft:crafting_table":3,"minecraft:torch":4,"create:water_wheel":14,"minecraft:tall_grass":1,"minecraft:cobblestone":2,"handcrafted:oak_dining_bench":1,"minecraft:oak_planks":1,"minecraft:wall_torch":1,"minecraft:purple_bed":1,"create:gearbox":2,"minecraft:wheat":1,"minecraft:spruce_log":83,"create:mechanical_drill":5,"minecraft:grass":2,"minecraft:oak_log":214,"minecraft:coal_ore":21,"minecraft:gravel":2,"minecraft:sand":1,"minecraft:dirt":44,"create:encased_chain_drive":5,"minecraft:gold_ore":5,"minecraft:oak_leaves":19},"minecraft:picked_up":{"minecraft:cocoa_beans":24,"minecraft:crafting_table":4,"minecraft:iron_chestplate":5,"minecraft:wheat":9,"minecraft:clay_ball":4,"minecraft:wooden_pickaxe":1,"minecraft:string":1,"create:limestone":114,"minecraft:iron_leggings":1,"minecraft:item_frame":1,"minecraft:iron_shovel":1,"create:water_wheel":14,"minecraft:oak_boat":2,"minecraft:jungle_sapling":14,"minecraft:poppy":2,"minecraft:iron_pickaxe":4,"minecraft:iron_boots":1,"minecraft:furnace":1,"minecraft:golden_helmet":1,"minecraft:stick":259,"minecraft:raw_iron":204,"minecraft:torch":120,"create:andesite_casing":14,"sophisticatedbackpacks:backpack":4,"minecraft:dried_kelp":1,"create:zinc_ingot":5,"create:large_cogwheel":5,"mobscarecrow:gold_pig_plushie":2,"minecraft:arrow":12,"minecraft:rotten_flesh":56,"minecraft:tropical_fish":6,"minecraft:gold_ingot":6,"minecraft:mutton":8,"minecraft:white_wool":20,"minecraft:cobblestone":635,"handcrafted:oak_dining_bench":5,"minecraft:feather":11,"minecraft:jungle_log":58,"minecraft:glow_ink_sac":9,"minecraft:water_bucket":1,"minecraft:andesite":131,"minecraft:filled_map":2,"create:belt_connector":1,"minecraft:flint":5,"create:raw_zinc":84,"minecraft:oak_log":414,"minecraft:gunpowder":4,"minecraft:cobblestone_stairs":1,"minecraft:dirt":106,"minecraft:paper":21,"create:encased_chain_drive":5,"minecraft:leather_boots":4,"minecraft:bone":6,"minecraft:apple":24,"minecraft:bow":2,"minecraft:wheat_seeds":27,"minecraft:raw_gold":12,"create:mechanical_drill":5,"minecraft:iron_ingot":92,"create:shaft":11,"minecraft:moss_block":2,"minecraft:iron_sword":3,"minecraft:oak_planks":105,"minecraft:pumpkin":1,"create:cogwheel":9,"minecraft:dandelion":2,"minecraft:gravel":1,"minecraft:sand":1,"minecraft:spruce_sapling":36,"minecraft:spruce_log":83,"minecraft:spider_eye":2,"create:gearbox":2,"minecraft:iron_hoe":2,"minecraft:purple_bed":1,"create:zinc_nugget":14,"minecraft:iron_helmet":1,"minecraft:bread":5,"minecraft:emerald":7,"minecraft:oak_sapling":212,"minecraft:coal":75},"minecraft:broken":{"minecraft:stone_pickaxe":1,"minecraft:iron_axe":1,"minecraft:iron_pickaxe":1},"minecraft:dropped":{"minecraft:water_bucket":1,"minecraft:iron_ingot":14,"minecraft:wheat_seeds":3,"minecraft:golden_helmet":1,"minecraft:oak_log":256,"minecraft:cobblestone":2,"create:zinc_nugget":7,"minecraft:coal":5,"minecraft:dried_kelp":1,"minecraft:iron_leggings":1,"minecraft:jungle_sapling":2,"create:large_cogwheel":1,"minecraft:spruce_sapling":2,"minecraft:cocoa_beans":4,"minecraft:iron_boots":2,"minecraft:iron_hoe":1,"sophisticatedbackpacks:backpack":2,"minecraft:filled_map":1,"minecraft:poppy":1,"sophisticatedbackpacks:anvil_upgrade":1,"minecraft:iron_chestplate":1,"minecraft:andesite":128,"minecraft:spider_eye":1,"minecraft:raw_gold":1,"minecraft:wooden_pickaxe":2},"minecraft:crafted":{"minecraft:smooth_stone":8,"minecraft:oak_planks":84,"minecraft:coal":7,"minecraft:iron_nugget":18,"minecraft:furnace":2,"minecraft:blast_furnace":1,"minecraft:stone":8,"minecraft:stone_pickaxe":1,"create:belt_connector":22,"create:cogwheel":9,"sophisticatedbackpacks:iron_backpack":1,"minecraft:oak_slab":6,"create:andesite_alloy":64,"minecraft:emerald":4,"minecraft:dried_kelp":144,"minecraft:wooden_pickaxe":1,"create:zinc_nugget":209,"minecraft:bucket":1,"create:encased_chain_drive":4,"minecraft:stone_axe":1,"minecraft:bread":2,"minecraft:air":0,"create:gearbox":1,"minecraft:oak_boat":1,"minecraft:wooden_hoe":1,"create:water_wheel":1,"minecraft:stick":48,"minecraft:iron_ingot":120,"minecraft:oak_stairs":4,"minecraft:iron_block":3,"minecraft:gold_ingot":6,"minecraft:anvil":1,"create:large_cogwheel":1,"create:mechanical_drill":1,"create:shaft":16,"minecraft:torch":80,"create:zinc_ingot":33},"minecraft:custom":{"minecraft:interact_with_anvil":2,"minecraft:mob_kills":44,"minecraft:interact_with_crafting_table":29,"goblintraders:trade_with_goblin":73,"minecraft:bell_ring":5,"minecraft:leave_game":3,"minecraft:time_since_death":1338,"minecraft:climb_one_cm":1538,"minecraft:sprint_one_cm":341770,"minecraft:walk_one_cm":426726,"minecraft:drop":52,"minecraft:talked_to_villager":2,"minecraft:play_time":267707,"minecraft:deaths":15,"minecraft:sneak_time":6655,"minecraft:walk_under_water_one_cm":16000,"minecraft:boat_one_cm":459,"minecraft:jump":2707,"minecraft:interact_with_blast_furnace":11,"minecraft:walk_on_water_one_cm":22992,"minecraft:total_world_time":267707,"minecraft:interact_with_furnace":9,"minecraft:sleep_in_bed":7,"minecraft:time_since_rest":1364,"minecraft:damage_taken":5407,"minecraft:damage_dealt":7774,"minecraft:swim_one_cm":19831,"minecraft:fly_one_cm":590346,"minecraft:open_chest":16,"minecraft:crouch_one_cm":10646,"minecraft:fall_one_cm":68002},"minecraft:used":{"create:limestone":4,"minecraft:tropical_fish":2,"minecraft:redstone":4,"minecraft:dried_kelp":10,"minecraft:poppy":1,"minecraft:iron_sword":110,"minecraft:rotten_flesh":25,"minecraft:iron_chestplate":3,"minecraft:torch":54,"minecraft:anvil":1,"minecraft:dirt":140,"create:cogwheel":28,"minecraft:jungle_sapling":2,"minecraft:grass_block":52,"minecraft:iron_axe":282,"create:gearbox":2,"mobscarecrow:gold_pig_plushie":1,"minecraft:oak_stairs":4,"minecraft:jungle_log":7,"minecraft:iron_helmet":1,"minecraft:item_frame":4,"create:encased_chain_drive":17,"handcrafted:oak_dining_bench":2,"create:shaft":15,"minecraft:furnace":2,"create:mechanical_drill":5,"handcrafted:jungle_bench":5,"create:belt_connector":3,"minecraft:iron_leggings":1,"minecraft:water_bucket":3,"minecraft:iron_ore":51,"minecraft:stone_pickaxe":129,"minecraft:oak_planks":1,"minecraft:wooden_pickaxe":15,"minecraft:redstone_block":13,"minecraft:sand":1,"minecraft:oak_slab":3,"minecraft:crafting_table":3,"minecraft:blast_furnace":1,"minecraft:smoker":1,"minecraft:lever":4,"sophisticatedbackpacks:backpack":1,"minecraft:bread":13,"minecraft:string":1,"minecraft:iron_pickaxe":420,"create:water_wheel":15,"create:adjustable_chain_gearshift":25,"minecraft:spruce_sapling":4,"create:andesite_casing":8,"minecraft:gravel":1,"create:large_water_wheel":6,"minecraft:golden_helmet":2,"minecraft:stone_axe":125,"handcrafted:white_cup":1,"minecraft:cobblestone":62,"minecraft:purple_bed":1,"minecraft:bucket":4,"minecraft:oak_boat":2,"create:vertical_gearbox":1,"create:large_cogwheel":15},"minecraft:killed":{"minecraft:spider":1,"minecraft:skeleton":8,"goblintraders:goblin_trader":2,"minecraft:bat":1,"minecraft:creeper":3,"minecraft:sheep":4,"minecraft:zombie":22}},"DataVersion":3465}