{"stats":{"minecraft:crafted":{"minecraft:oak_planks":24,"minecraft:shield":1,"minecraft:crafting_table":1,"minecraft:stick":4,"minecraft:wooden_pickaxe":1,"minecraft:iron_ingot":5,"minecraft:stone_pickaxe":1,"minecraft:wooden_axe":2,"minecraft:stone_sword":1,"minecraft:furnace":1,"minecraft:bread":3,"minecraft:air":0,"minecraft:wheat":81},"minecraft:mined":{"minecraft:hay_block":29,"minecraft:furnace":1,"minecraft:iron_ore":5,"minecraft:crafting_table":4,"minecraft:grass":10,"minecraft:grass_block":6,"minecraft:oak_log":57,"minecraft:dirt":5,"minecraft:tall_grass":13,"minecraft:stone":13,"minecraft:oak_planks":2,"minecraft:oak_leaves":8},"minecraft:killed_by":{"minecraft:skeleton":1,"alexsmobs:rhinoceros":1,"minecraft:zombie":1},"minecraft:killed":{"minecraft:skeleton":2,"minecraft:zombie":10,"minecraft:chicken":3,"minecraft:enderman":1},"minecraft:broken":{"minecraft:wooden_axe":1},"minecraft:picked_up":{"minecraft:wooden_axe":1,"minecraft:crafting_table":5,"minecraft:stick":88,"minecraft:raw_iron":5,"minecraft:feather":3,"minecraft:chicken":3,"minecraft:oak_log":77,"minecraft:grass_block":1,"minecraft:dirt":5,"minecraft:stone_sword":1,"minecraft:bone":4,"minecraft:arrow":6,"minecraft:rotten_flesh":14,"minecraft:apple":7,"minecraft:wheat_seeds":2,"minecraft:hay_block":29,"minecraft:iron_helmet":1,"minecraft:oak_sapling":61,"minecraft:ender_pearl":1,"minecraft:oak_planks":17,"minecraft:cobblestone":13,"minecraft:furnace":1},"minecraft:dropped":{"minecraft:wheat_seeds":2,"minecraft:stone_sword":1,"minecraft:stick":64},"minecraft:custom":{"minecraft:time_since_rest":1980,"minecraft:interact_with_furnace":4,"minecraft:sprint_one_cm":96056,"minecraft:damage_taken":1007,"minecraft:walk_one_cm":66671,"minecraft:mob_kills":16,"minecraft:drop":4,"minecraft:damage_dealt":2804,"minecraft:swim_one_cm":6645,"minecraft:interact_with_crafting_table":9,"minecraft:talked_to_villager":1,"minecraft:fly_one_cm":191315,"minecraft:crouch_one_cm":234,"minecraft:play_time":62973,"minecraft:deaths":4,"minecraft:sneak_time":397,"minecraft:walk_under_water_one_cm":278,"minecraft:jump":816,"minecraft:leave_game":5,"minecraft:time_since_death":1956,"minecraft:walk_on_water_one_cm":6354,"minecraft:sleep_in_bed":1,"minecraft:total_world_time":62973,"minecraft:fall_one_cm":19596},"minecraft:used":{"minecraft:wooden_axe":87,"minecraft:stone_sword":25,"minecraft:stone_pickaxe":16,"minecraft:bread":3,"minecraft:oak_planks":2,"minecraft:wooden_pickaxe":3,"minecraft:rotten_flesh":10,"minecraft:dirt":5,"minecraft:crafting_table":4,"minecraft:furnace":1}},"DataVersion":3465}