{"stats":{"minecraft:picked_up":{"minecraft:wooden_axe":4,"minecraft:crafting_table":8,"minecraft:stick":4,"minecraft:raw_iron":11,"minecraft:sweet_berries":21,"minecraft:wooden_pickaxe":4,"minecraft:oak_log":43,"minecraft:brewing_stand":1,"minecraft:string":3,"minecraft:arrow":1,"minecraft:bone":1,"minecraft:rotten_flesh":3,"minecraft:stone_axe":4,"minecraft:grindstone":3,"minecraft:iron_ingot":4,"minecraft:stone_pickaxe":4,"minecraft:oak_sapling":10,"minecraft:oak_planks":160,"minecraft:coal":120,"minecraft:cobblestone":141},"minecraft:custom":{"minecraft:time_since_rest":7893,"minecraft:sprint_one_cm":62832,"minecraft:damage_taken":5201,"minecraft:walk_one_cm":51548,"minecraft:mob_kills":2,"minecraft:damage_dealt":1006,"minecraft:talked_to_villager":2,"minecraft:swim_one_cm":20222,"minecraft:interact_with_crafting_table":4,"minecraft:fly_one_cm":135458,"minecraft:open_chest":5,"minecraft:crouch_one_cm":489,"minecraft:play_time":41458,"minecraft:deaths":9,"minecraft:sneak_time":326,"minecraft:walk_under_water_one_cm":5843,"minecraft:jump":463,"minecraft:leave_game":1,"minecraft:time_since_death":7873,"minecraft:walk_on_water_one_cm":2623,"minecraft:climb_one_cm":418,"minecraft:total_world_time":41458,"minecraft:fall_one_cm":57017},"minecraft:killed_by":{"minecraft:creeper":1},"minecraft:mined":{"minecraft:iron_ore":3,"minecraft:fire":10,"minecraft:brewing_stand":1,"minecraft:crafting_table":4,"minecraft:grass":2,"minecraft:oak_log":19,"minecraft:coal_ore":36,"minecraft:cobblestone":3,"minecraft:stone":34,"minecraft:grindstone":3,"minecraft:oak_leaves":10},"minecraft:killed":{"minecraft:zombie":1},"minecraft:used":{"minecraft:wooden_axe":12,"minecraft:bread":3,"minecraft:stone_pickaxe":47,"minecraft:wooden_pickaxe":33,"minecraft:stone":1,"minecraft:stone_axe":19,"minecraft:cobblestone":3,"minecraft:crafting_table":3},"minecraft:crafted":{"minecraft:oak_planks":52,"minecraft:crafting_table":1,"minecraft:stick":4,"minecraft:wooden_pickaxe":1,"minecraft:stone_pickaxe":1,"minecraft:wooden_axe":1,"minecraft:stone_axe":1}},"DataVersion":3465}