{"stats":{"minecraft:killed":{"minecraft:cave_spider":25,"minecraft:spider":8,"minecraft:skeleton":6,"minecraft:chicken":2,"minecraft:pig":2,"minecraft:iron_golem":2,"minecraft:creeper":3,"minecraft:sheep":6,"minecraft:pillager":1,"minecraft:zombie":23,"minecraft:player":1,"minecraft:cow":5,"minecraft:enderman":1},"minecraft:picked_up":{"minecraft:fishing_rod":1,"minecraft:crafting_table":15,"minecraft:wheat":15,"minecraft:chicken":2,"minecraft:sentry_armor_trim_smithing_template":2,"minecraft:shield":1,"minecraft:string":147,"minecraft:red_bed":3,"minecraft:compass":1,"minecraft:pufferfish":1,"minecraft:cartography_table":3,"minecraft:gold_nugget":34,"minecraft:cobbled_deepslate":73,"minecraft:bucket":1,"minecraft:beef":8,"minecraft:oak_boat":4,"minecraft:calcite":44,"minecraft:poppy":3,"minecraft:iron_pickaxe":2,"minecraft:light_gray_wool":1,"minecraft:enchanted_golden_apple":2,"minecraft:chest":2,"minecraft:birch_sapling":24,"minecraft:furnace":3,"minecraft:iron_boots":1,"minecraft:egg":1,"minecraft:stick":36,"minecraft:raw_iron":115,"minecraft:torch":35,"minecraft:acacia_log":6,"sophisticatedbackpacks:backpack":3,"minecraft:fire_charge":4,"minecraft:porkchop":6,"minecraft:cherry_log":10,"minecraft:diorite":36,"minecraft:carrot":9,"minecraft:cauldron":1,"minecraft:orange_bed":1,"minecraft:stone_sword":3,"minecraft:arrow":21,"minecraft:rotten_flesh":19,"create:scoria":26,"minecraft:hay_block":1,"create:asurine":64,"minecraft:saddle":1,"minecraft:totem_of_undying":4,"minecraft:obsidian":2,"minecraft:mutton":8,"minecraft:rail":10,"minecraft:white_wool":8,"minecraft:cobblestone":240,"minecraft:stripped_oak_log":1,"minecraft:birch_log":61,"minecraft:pink_petals":6,"minecraft:feather":8,"minecraft:water_bucket":1,"minecraft:andesite":18,"minecraft:leather":25,"minecraft:tuff":7,"create:raw_zinc":34,"minecraft:oak_log":97,"minecraft:golden_boots":3,"minecraft:gunpowder":4,"minecraft:map":10,"minecraft:dirt":167,"minecraft:paper":12,"minecraft:name_tag":2,"minecraft:leather_boots":1,"minecraft:bone":23,"minecraft:apple":4,"minecraft:wheat_seeds":15,"minecraft:iron_ingot":40,"minecraft:fletching_table":2,"minecraft:oak_planks":7,"minecraft:gravel":3,"minecraft:sand":8,"minecraft:dark_oak_log":8,"minecraft:spider_eye":8,"minecraft:stone_axe":1,"minecraft:crossbow":2,"minecraft:granite":6,"minecraft:bone_meal":1,"minecraft:cherry_sapling":8,"minecraft:golden_apple":2,"minecraft:emerald":2,"minecraft:bread":62,"minecraft:oak_sapling":69,"minecraft:black_wool":1,"minecraft:dark_oak_fence":8,"minecraft:coal":119},"minecraft:used":{"minecraft:stone_sword":65,"minecraft:acacia_log":3,"minecraft:chest":2,"minecraft:shield":48,"minecraft:cooked_chicken":2,"minecraft:rotten_flesh":11,"minecraft:orange_bed":1,"minecraft:torch":53,"minecraft:dirt":66,"minecraft:carrot":4,"minecraft:tuff":3,"minecraft:wooden_axe":195,"minecraft:totem_of_undying":3,"minecraft:light_gray_wool":1,"minecraft:hay_block":1,"minecraft:furnace":4,"minecraft:egg":1,"minecraft:cobbled_deepslate":1,"minecraft:golden_boots":1,"minecraft:water_bucket":32,"minecraft:diorite":3,"minecraft:wooden_pickaxe":30,"minecraft:sandstone":2,"minecraft:fletching_table":2,"minecraft:golden_apple":1,"minecraft:white_wool":3,"minecraft:crafting_table":18,"minecraft:red_bed":2,"minecraft:crossbow":5,"minecraft:oak_log":3,"sophisticatedbackpacks:backpack":1,"minecraft:apple":4,"minecraft:string":2,"minecraft:bread":55,"minecraft:iron_pickaxe":603,"minecraft:stone_axe":253,"minecraft:fishing_rod":1,"minecraft:cobblestone":52,"minecraft:andesite":3,"minecraft:dark_oak_fence":4,"minecraft:bucket":33,"minecraft:oak_boat":7,"minecraft:stripped_oak_log":1},"minecraft:killed_by":{"minecraft:cave_spider":1},"minecraft:crafted":{"minecraft:oak_planks":80,"minecraft:cooked_chicken":2,"minecraft:furnace":2,"minecraft:iron_boots":1,"minecraft:stone_pickaxe":1,"sophisticatedbackpacks:iron_backpack":1,"minecraft:crafting_table":7,"minecraft:iron_helmet":1,"minecraft:wooden_pickaxe":1,"minecraft:bucket":1,"minecraft:stone_axe":5,"minecraft:air":0,"minecraft:oak_boat":3,"minecraft:iron_chestplate":1,"minecraft:charcoal":6,"minecraft:shield":2,"minecraft:stick":12,"minecraft:iron_ingot":55,"minecraft:iron_pickaxe":4,"minecraft:wooden_axe":3,"minecraft:stone_sword":1,"minecraft:iron_leggings":1,"minecraft:sandstone":2,"minecraft:acacia_planks":12,"minecraft:torch":12},"minecraft:dropped":{"minecraft:golden_boots":1,"minecraft:iron_ingot":23,"minecraft:bread":3,"minecraft:wheat_seeds":10,"minecraft:feather":8,"minecraft:leather":8,"minecraft:rail":4,"minecraft:pufferfish":1,"minecraft:dirt":28,"minecraft:diorite":3,"minecraft:dark_oak_fence":4,"minecraft:torch":6,"minecraft:bone_meal":1,"minecraft:iron_pickaxe":1,"minecraft:paper":6,"minecraft:fishing_rod":2,"minecraft:gravel":1,"minecraft:stone_axe":1,"minecraft:stone_sword":3,"minecraft:cobbled_deepslate":24,"minecraft:rotten_flesh":1,"minecraft:oak_planks":1,"minecraft:iron_boots":1,"minecraft:enchanted_golden_apple":1,"sophisticatedbackpacks:backpack":1,"minecraft:totem_of_undying":5,"minecraft:carrot":4,"minecraft:poppy":3,"minecraft:shield":1,"minecraft:spider_eye":6,"minecraft:stone_pickaxe":1},"minecraft:mined":{"create:zinc_ore":34,"minecraft:tuff":13,"minecraft:cherry_log":10,"minecraft:granite":5,"minecraft:dark_oak_fence":4,"minecraft:acacia_log":9,"minecraft:grass_block":24,"minecraft:cartography_table":1,"minecraft:furnace":3,"minecraft:iron_ore":77,"minecraft:andesite":14,"minecraft:fletching_table":3,"create:asurine":70,"minecraft:water_cauldron":1,"minecraft:dirt_path":1,"minecraft:rail":1,"minecraft:stone":181,"sophisticatedbackpacks:backpack":1,"minecraft:white_wool":3,"minecraft:tripwire":2,"minecraft:orange_bed":2,"minecraft:red_bed":3,"minecraft:crafting_table":14,"minecraft:torch":4,"minecraft:emerald_ore":1,"minecraft:calcite":10,"minecraft:chest":2,"create:scoria":13,"minecraft:copper_ore":1,"minecraft:cobblestone":29,"minecraft:diorite":32,"minecraft:wall_torch":3,"minecraft:cobblestone_wall":4,"minecraft:birch_log":61,"minecraft:wheat":1,"minecraft:birch_leaves":2,"minecraft:light_gray_wool":1,"minecraft:grass":24,"minecraft:oak_log":103,"minecraft:coal_ore":59,"minecraft:gravel":3,"minecraft:dirt":33,"minecraft:cobweb":51,"minecraft:oak_leaves":23,"minecraft:deepslate":24},"minecraft:custom":{"minecraft:mob_kills":84,"minecraft:interact_with_crafting_table":42,"minecraft:open_barrel":4,"minecraft:leave_game":3,"minecraft:time_since_death":42956,"minecraft:climb_one_cm":8,"minecraft:sprint_one_cm":430863,"minecraft:walk_one_cm":416315,"minecraft:damage_blocked_by_shield":2265,"minecraft:drop":63,"minecraft:damage_dealt_absorbed":81,"minecraft:talked_to_villager":2,"minecraft:play_time":160369,"minecraft:sneak_time":3472,"minecraft:deaths":2,"minecraft:walk_under_water_one_cm":9795,"minecraft:boat_one_cm":245755,"minecraft:jump":3027,"minecraft:walk_on_water_one_cm":16247,"minecraft:total_world_time":160369,"minecraft:interact_with_furnace":28,"minecraft:sleep_in_bed":4,"minecraft:time_since_rest":42983,"minecraft:damage_taken":4269,"minecraft:damage_dealt":14646,"minecraft:player_kills":1,"minecraft:swim_one_cm":13258,"minecraft:fly_one_cm":587122,"minecraft:pig_one_cm":10,"minecraft:open_chest":41,"minecraft:crouch_one_cm":4367,"minecraft:fall_one_cm":73575},"minecraft:broken":{"minecraft:stone_axe":1,"minecraft:iron_pickaxe":1,"minecraft:wooden_axe":3}},"DataVersion":3465}