{"stats":{"minecraft:broken":{"minecraft:wooden_axe":1},"minecraft:picked_up":{"minecraft:wooden_axe":1,"minecraft:raw_iron":5,"minecraft:crafting_table":5,"minecraft:stick":88,"minecraft:feather":3,"minecraft:chicken":3,"minecraft:oak_log":77,"minecraft:grass_block":1,"minecraft:dirt":5,"minecraft:bone":4,"minecraft:arrow":6,"minecraft:rotten_flesh":10,"minecraft:apple":7,"minecraft:wheat_seeds":2,"minecraft:hay_block":29,"minecraft:oak_sapling":61,"minecraft:ender_pearl":1,"minecraft:oak_planks":15,"minecraft:cobblestone":13,"minecraft:furnace":1},"minecraft:crafted":{"minecraft:oak_planks":24,"minecraft:shield":1,"minecraft:crafting_table":1,"minecraft:stick":4,"minecraft:iron_ingot":5,"minecraft:wooden_pickaxe":1,"minecraft:stone_pickaxe":1,"minecraft:wooden_axe":2,"minecraft:stone_sword":1,"minecraft:furnace":1,"minecraft:air":0,"minecraft:bread":3,"minecraft:wheat":81},"minecraft:custom":{"minecraft:time_since_rest":1941,"minecraft:interact_with_furnace":4,"minecraft:sprint_one_cm":82995,"minecraft:damage_taken":760,"minecraft:walk_one_cm":54266,"minecraft:mob_kills":13,"minecraft:drop":3,"minecraft:damage_dealt":2232,"minecraft:talked_to_villager":1,"minecraft:swim_one_cm":6645,"minecraft:interact_with_crafting_table":9,"minecraft:fly_one_cm":160812,"minecraft:crouch_one_cm":152,"minecraft:play_time":58175,"minecraft:deaths":3,"minecraft:sneak_time":332,"minecraft:walk_under_water_one_cm":278,"minecraft:jump":690,"minecraft:leave_game":2,"minecraft:walk_on_water_one_cm":4643,"minecraft:time_since_death":9012,"minecraft:sleep_in_bed":1,"minecraft:total_world_time":58175,"minecraft:fall_one_cm":18133},"minecraft:mined":{"minecraft:hay_block":29,"minecraft:furnace":1,"minecraft:iron_ore":5,"minecraft:crafting_table":4,"minecraft:grass":10,"minecraft:grass_block":6,"minecraft:oak_log":57,"minecraft:dirt":5,"minecraft:tall_grass":13,"minecraft:stone":13,"minecraft:oak_leaves":8},"minecraft:killed":{"minecraft:skeleton":2,"minecraft:zombie":7,"minecraft:chicken":3,"minecraft:enderman":1},"minecraft:dropped":{"minecraft:wheat_seeds":2,"minecraft:stick":64},"minecraft:killed_by":{"minecraft:skeleton":1,"alexsmobs:rhinoceros":1},"minecraft:used":{"minecraft:wooden_axe":87,"minecraft:stone_sword":14,"minecraft:bread":2,"minecraft:stone_pickaxe":16,"minecraft:wooden_pickaxe":3,"minecraft:rotten_flesh":6,"minecraft:dirt":5,"minecraft:crafting_table":4,"minecraft:furnace":1}},"DataVersion":3465}