{"stats":{"minecraft:custom":{"minecraft:time_since_rest":29590,"minecraft:damage_taken":1105,"minecraft:play_time":51991,"minecraft:crouch_one_cm":1550,"minecraft:sprint_one_cm":64471,"minecraft:walk_one_cm":65147,"minecraft:deaths":4,"minecraft:walk_under_water_one_cm":6021,"minecraft:sneak_time":768,"minecraft:mob_kills":4,"minecraft:drop":102,"minecraft:jump":533,"minecraft:damage_dealt":1237,"minecraft:leave_game":6,"minecraft:time_since_death":29508,"minecraft:walk_on_water_one_cm":8045,"minecraft:total_world_time":51991,"minecraft:swim_one_cm":16272,"minecraft:fly_one_cm":120098,"minecraft:fall_one_cm":7222},"minecraft:used":{"minecraft:dirt":2,"minecraft:rotten_flesh":4,"minecraft:apple":1,"minecraft:granite":1,"minecraft:snowball":11},"minecraft:mined":{"minecraft:grass_block":3,"minecraft:dirt":1,"minecraft:ice":1,"minecraft:fern":1},"minecraft:picked_up":{"minecraft:arrow":1,"minecraft:bone":2,"minecraft:rotten_flesh":4,"minecraft:apple":4163,"minecraft:granite":1,"minecraft:spruce_log":2,"minecraft:snowball":20,"minecraft:dirt":59,"minecraft:cobblestone":2},"minecraft:dropped":{"minecraft:dirt":6,"minecraft:apple":6400,"minecraft:snowball":9},"minecraft:killed_by":{"minecraft:creeper":1,"minecraft:polar_bear":1,"minecraft:zombie":2},"minecraft:killed":{"minecraft:skeleton":1,"minecraft:pillager":1,"minecraft:zombie":2}},"DataVersion":3465}