{"stats":{"minecraft:mined":{"minecraft:spruce_planks":552,"minecraft:farmland":1,"minecraft:pink_bed":14,"minecraft:chiseled_polished_blackstone":2,"minecraft:cobblestone_stairs":50,"minecraft:brewing_stand":1,"minecraft:obsidian":2,"minecraft:spruce_trapdoor":46,"minecraft:granite":259,"minecraft:budding_amethyst":2,"minecraft:acacia_log":9,"minecraft:grass_block":77,"minecraft:cracked_polished_blackstone_bricks":20,"minecraft:nether_wart":26,"minecraft:gilded_blackstone":4,"minecraft:polished_blackstone_bricks":88,"minecraft:tall_seagrass":1,"minecraft:magma_block":101,"minecraft:glowstone":5,"minecraft:iron_ore":6,"minecraft:barrel":1,"minecraft:fire":74,"minecraft:cobbled_deepslate":24,"minecraft:anvil":3,"minecraft:deepslate_lapis_ore":11,"minecraft:fletching_table":4,"minecraft:dirt_path":1,"minecraft:oak_stairs":10,"minecraft:purple_carpet":6,"minecraft:spruce_wood":2,"minecraft:spruce_slab":58,"minecraft:deepslate_redstone_ore":13,"minecraft:blackstone":812,"minecraft:kelp_plant":3,"minecraft:twisting_vines_plant":5,"minecraft:soul_fire":7,"minecraft:crimson_nylium":62,"minecraft:amethyst_cluster":6,"minecraft:torch":18,"minecraft:blast_furnace":2,"minecraft:calcite":16,"minecraft:chest":8,"minecraft:glass":1,"minecraft:cobblestone":1179,"minecraft:nether_quartz_ore":139,"minecraft:oak_planks":22,"minecraft:grindstone":19,"minecraft:wall_torch":12,"minecraft:amethyst_block":16,"minecraft:seagrass":1,"minecraft:warped_nylium":2,"minecraft:nether_wart_block":1,"sophisticatedbackpacks:diamond_backpack":2,"minecraft:birch_log":19,"minecraft:wheat":472,"minecraft:tnt":5,"minecraft:black_bed":1,"minecraft:stone_brick_stairs":1,"minecraft:grass":33,"minecraft:oak_log":60,"minecraft:sand":112,"minecraft:dirt":547,"minecraft:smooth_basalt":9,"minecraft:wither_skeleton_skull":2,"minecraft:ancient_debris":20,"minecraft:netherrack":4591,"minecraft:oak_leaves":9,"minecraft:deepslate":1025,"minecraft:nether_gold_ore":14,"alexscaves:spelunkery_table":1,"minecraft:deepslate_tiles":5,"minecraft:tuff":656,"minecraft:red_carpet":15,"minecraft:mossy_cobblestone":2,"minecraft:deepslate_diamond_ore":25,"minecraft:nether_bricks":105,"minecraft:crimson_roots":1,"minecraft:spruce_leaves":16,"minecraft:large_fern":1,"minecraft:furnace":2,"minecraft:carrots":1,"minecraft:andesite":943,"minecraft:stripped_spruce_log":1,"minecraft:gold_block":8,"minecraft:peony":2,"minecraft:bell":11,"minecraft:nether_brick_fence":2,"minecraft:bookshelf":112,"minecraft:deepslate_iron_ore":31,"minecraft:stripped_oak_log":8,"minecraft:wet_sponge":224,"minecraft:stone":3850,"sophisticatedbackpacks:backpack":3,"minecraft:smithing_table":9,"minecraft:glass_pane":4,"minecraft:soul_sand":6,"minecraft:basalt":681,"minecraft:spruce_door":2,"minecraft:crafting_table":14,"minecraft:spruce_button":5,"minecraft:sponge":7,"minecraft:campfire":1,"minecraft:lectern":2,"minecraft:copper_ore":62,"minecraft:tall_grass":3,"minecraft:deepslate_gold_ore":25,"minecraft:sculk":2,"minecraft:diorite":555,"minecraft:blue_bed":6,"minecraft:spruce_stairs":60,"minecraft:purple_bed":62,"minecraft:redstone_torch":1,"minecraft:white_carpet":17,"minecraft:spruce_log":351,"minecraft:coal_ore":121,"minecraft:gravel":164,"minecraft:acacia_planks":6,"minecraft:stone_bricks":19},"minecraft:crafted":{"minecraft:blaze_powder":4,"minecraft:black_dye":1,"minecraft:oak_planks":244,"minecraft:pink_bed":1,"minecraft:cooked_chicken":1,"minecraft:stone":89,"minecraft:bookshelf":4,"minecraft:cooked_mutton":9,"minecraft:glass":16,"minecraft:diamond_helmet":1,"minecraft:diamond_leggings":1,"minecraft:iron_boots":11,"minecraft:chest":13,"minecraft:copper_block":11,"minecraft:netherite_upgrade_smithing_template":4,"minecraft:stone_hoe":2,"minecraft:ender_eye":4,"minecraft:emerald":296,"minecraft:arrow":96,"sophisticatedbackpacks:backpack":1,"minecraft:diamond_axe":4,"minecraft:crafting_table":8,"minecraft:spruce_planks":2864,"minecraft:iron_helmet":1,"minecraft:spruce_door":3,"minecraft:copper_ingot":155,"minecraft:gold_block":1,"minecraft:fletching_table":1,"minecraft:brewing_stand":1,"minecraft:birch_planks":76,"sophisticatedbackpacks:upgrade_base":1,"minecraft:spruce_trapdoor":86,"minecraft:iron_chestplate":2,"minecraft:shield":2,"minecraft:netherite_block":1,"advancednetherite:netherite_diamond_ingot":1,"sophisticatedbackpacks:diamond_backpack":1,"minecraft:stick":1208,"minecraft:iron_ingot":419,"minecraft:iron_pickaxe":3,"minecraft:iron_block":9,"minecraft:gold_ingot":144,"minecraft:black_bed":1,"minecraft:netherite_ingot":5,"sophisticatedbackpacks:netherite_backpack":1,"minecraft:sponge":113,"minecraft:wooden_sword":1,"minecraft:stone_shovel":11,"minecraft:coal":1467,"minecraft:netherite_sword":1,"minecraft:iron_nugget":18,"sophisticatedbackpacks:stack_upgrade_tier_3":1,"sophisticatedbackpacks:stack_upgrade_tier_4":1,"minecraft:spruce_button":1,"sophisticatedbackpacks:stack_upgrade_tier_1":1,"minecraft:furnace":1,"sophisticatedbackpacks:stack_upgrade_starter_tier":1,"minecraft:bone_meal":369,"minecraft:spruce_fence":12,"minecraft:pink_dye":2,"minecraft:white_carpet":3,"minecraft:diamond_block":6,"minecraft:glass_pane":16,"minecraft:lantern":2,"minecraft:diamond":297,"minecraft:spruce_stairs":36,"minecraft:iron_axe":3,"minecraft:spruce_wood":12,"minecraft:ladder":3,"minecraft:spruce_slab":414,"minecraft:diamond_boots":1,"sophisticatedbackpacks:stack_upgrade_tier_2":1,"minecraft:netherite_scrap":20,"minecraft:chainmail_leggings":12,"advancednetherite:netherite_emerald_ingot":1,"sophisticatedbackpacks:iron_backpack":1,"minecraft:coal_block":50,"advancednetherite:netherite_iron_ingot":1,"minecraft:diamond_sword":6,"advancednetherite:netherite_gold_ingot":1,"minecraft:iron_sword":4,"minecraft:bell":12,"sophisticatedbackpacks:gold_backpack":1,"minecraft:bucket":1,"minecraft:enchanted_book":5,"minecraft:air":0,"minecraft:bread":159,"minecraft:oak_boat":1,"minecraft:oak_stairs":4,"minecraft:wooden_axe":3,"minecraft:iron_shovel":1,"minecraft:iron_leggings":1,"minecraft:stonecutter":1,"minecraft:anvil":1,"minecraft:white_bed":1,"minecraft:acacia_planks":36,"minecraft:torch":304,"minecraft:diamond_chestplate":1},"minecraft:killed":{"alexsmobs:lobster":1,"minecraft:zombified_piglin":11,"minecraft:spider":12,"minecraft:skeleton":21,"alexsmobs:orca":4,"minecraft:chicken":1,"minecraft:silverfish":8,"alexsmobs:straddler":17,"alexsmobs:laviathan":1,"minecraft:piglin_brute":1,"minecraft:magma_cube":31,"minecraft:piglin":20,"alexscaves:gammaroach":1,"minecraft:zombie_villager":2,"minecraft:iron_golem":16,"alexsmobs:stradpole":11,"minecraft:creeper":6,"alexsmobs:crimson_mosquito":12,"alexsmobs:warped_toad":2,"minecraft:sheep":6,"minecraft:zombie":27,"minecraft:ghast":5,"minecraft:blaze":68,"alexsmobs:farseer":1,"alexsmobs:bone_serpent":3,"alexsmobs:dropbear":1,"alexscaves:brainiac":1,"alexscaves:nucleeper":3,"minecraft:horse":6,"alexsmobs:soul_vulture":1,"minecraft:drowned":23,"minecraft:bat":5,"minecraft:hoglin":2,"alexsmobs:cockroach":12,"minecraft:wither_skeleton":18,"minecraft:villager":27,"minecraft:enderman":1},"minecraft:killed_by":{"minecraft:ghast":1,"minecraft:zombified_piglin":1,"minecraft:wither_skeleton":1,"alexsmobs:straddler":4,"minecraft:drowned":2,"alexsmobs:cachalot_whale":6,"minecraft:zombie":3,"minecraft:player":1,"minecraft:iron_golem":6,"minecraft:skeleton":1},"minecraft:broken":{"minecraft:iron_shovel":1,"minecraft:iron_boots":1,"minecraft:iron_leggings":1,"minecraft:wooden_axe":3,"minecraft:flint_and_steel":1,"minecraft:stone_hoe":1,"minecraft:iron_axe":2,"minecraft:iron_pickaxe":2,"minecraft:iron_helmet":2},"minecraft:picked_up":{"minecraft:iron_chestplate":3,"alexscaves:waste_drum":1,"minecraft:wheat":476,"advancednetherite:netherite_diamond_ingot":1,"minecraft:chainmail_boots":1,"minecraft:anvil":3,"minecraft:smithing_table":9,"alexscaves:cave_tablet":1,"minecraft:oak_stairs":10,"alexsmobs:bone_serpent_tooth":1,"advancednetherite:netherite_diamond_pickaxe":2,"minecraft:brewing_stand":1,"minecraft:golden_sword":3,"minecraft:amethyst_block":16,"minecraft:string":17,"minecraft:raw_copper":271,"minecraft:armor_stand":3,"alexsmobs:dropbear_claw":1,"minecraft:deepslate_tiles":5,"alexsmobs:blood_sac":7,"minecraft:gold_nugget":1,"minecraft:cobbled_deepslate":1001,"minecraft:bucket":2,"minecraft:spruce_planks":513,"minecraft:redstone_torch":3,"minecraft:calcite":16,"minecraft:netherite_upgrade_smithing_template":2,"sophisticatedbackpacks:netherite_backpack":1,"minecraft:coal_block":128,"minecraft:iron_boots":10,"minecraft:furnace":2,"minecraft:golden_helmet":1,"minecraft:stick":30,"minecraft:torch":124,"minecraft:acacia_log":9,"minecraft:spruce_stairs":39,"minecraft:diorite":387,"minecraft:golden_chestplate":1,"sophisticatedbackpacks:stack_upgrade_tier_3":1,"minecraft:rotten_flesh":34,"minecraft:iron_block":3,"minecraft:bookshelf":128,"minecraft:blaze_rod":21,"minecraft:obsidian":2,"minecraft:cod":6,"minecraft:cobblestone":4199,"minecraft:sponge":7,"minecraft:birch_log":19,"minecraft:leather_chestplate":1,"minecraft:feather":1,"minecraft:magma_cream":4,"minecraft:andesite":831,"minecraft:black_bed":1,"minecraft:flint":1036,"minecraft:tuff":251,"minecraft:lapis_lazuli":105,"minecraft:dirt":668,"minecraft:twisting_vines":8,"minecraft:purple_carpet":7,"minecraft:bone":40,"minecraft:acacia_planks":6,"minecraft:wheat_seeds":1189,"alexscaves:toxic_paste":1,"minecraft:raw_gold":55,"minecraft:bell":9,"minecraft:grindstone":19,"minecraft:fletching_table":4,"minecraft:glowstone_dust":24,"minecraft:oak_planks":33,"minecraft:chiseled_polished_blackstone":3,"minecraft:cooked_porkchop":3,"advancednetherite:netherite_diamond_hoe":1,"minecraft:sand":113,"minecraft:ink_sac":1,"minecraft:spectral_arrow":18,"minecraft:barrel":1,"minecraft:mossy_cobblestone":2,"minecraft:diamond":55,"minecraft:granite":204,"minecraft:spruce_button":6,"minecraft:emerald":121,"minecraft:bread":6,"minecraft:oak_sapling":27,"minecraft:netherrack":737,"minecraft:fishing_rod":4,"minecraft:charcoal":2,"minecraft:crafting_table":12,"advancednetherite:netherite_emerald_ingot":2,"minecraft:chicken":1,"minecraft:nether_wart":56,"minecraft:golden_pickaxe":1,"minecraft:redstone_lamp":64,"minecraft:brown_mushroom":1,"alexsmobs:farseer_arm":1,"minecraft:flint_and_steel":1,"minecraft:white_carpet":17,"minecraft:netherite_sword":1,"minecraft:oak_boat":16,"minecraft:iron_nugget":10,"minecraft:poppy":14,"minecraft:spruce_slab":45,"minecraft:minecart":11,"minecraft:lectern":2,"minecraft:chest":29,"minecraft:birch_sapling":5,"minecraft:spruce_trapdoor":46,"minecraft:raw_iron":60,"minecraft:copper_ingot":5,"sophisticatedbackpacks:backpack":4,"minecraft:stone_button":1,"minecraft:redstone":194,"advancednetherite:netherite_diamond_axe":1,"minecraft:tnt":719,"minecraft:arrow":18,"minecraft:peony":2,"minecraft:nether_bricks":1,"alexscaves:spelunkery_table":1,"minecraft:gold_ingot":6,"sophisticatedbackpacks:copper_backpack":1,"minecraft:mutton":9,"minecraft:rail":1,"minecraft:white_wool":5,"minecraft:wet_sponge":224,"minecraft:stripped_oak_log":8,"advancednetherite:netherite_diamond_shovel":1,"minecraft:leather":19,"alexsmobs:acacia_blossom":1,"alexsmobs:cachalot_whale_tooth":4,"minecraft:crimson_fungus":3,"minecraft:oak_log":60,"minecraft:ancient_debris":20,"minecraft:nether_wart_block":1,"minecraft:gunpowder":2,"minecraft:cobblestone_stairs":98,"minecraft:blue_bed":6,"minecraft:red_carpet":15,"advancednetherite:netherite_gold_ingot":2,"advancednetherite:netherite_iron_ingot":1,"minecraft:apple":2,"minecraft:stone_bricks":18,"minecraft:kelp":6,"alexsmobs:cockroach_wing_fragment":26,"minecraft:spruce_wood":2,"minecraft:iron_ingot":118,"minecraft:acacia_sapling":1,"minecraft:soul_sand":15,"sophisticatedbackpacks:diamond_backpack":3,"minecraft:book":33,"minecraft:pink_bed":14,"minecraft:smooth_basalt":9,"minecraft:sweet_berries":70,"alexscaves:fissile_core":1,"minecraft:quartz":94,"minecraft:gravel":132,"minecraft:amethyst_shard":66,"minecraft:spruce_sapling":18,"minecraft:blast_furnace":2,"minecraft:spruce_log":2288,"minecraft:crying_obsidian":2,"minecraft:spruce_door":2,"minecraft:spider_eye":3,"minecraft:purple_bed":62,"minecraft:chainmail_leggings":12,"minecraft:warped_roots":5,"minecraft:black_wool":1,"minecraft:coal":123},"minecraft:dropped":{"minecraft:lapis_lazuli":768,"minecraft:iron_sword":1,"minecraft:netherite_upgrade_smithing_template":3,"minecraft:soul_sand":15,"minecraft:brown_mushroom":1,"sophisticatedbackpacks:stack_upgrade_tier_3":2,"minecraft:diamond_axe":5,"minecraft:warped_fungus":1,"minecraft:diamond":2,"minecraft:cookie":64,"minecraft:warped_roots":5,"alexscaves:spawn_egg_brainiac":1,"minecraft:leather":1,"advancednetherite:netherite_diamond_hoe":1,"minecraft:saddle":1,"minecraft:flint":62,"minecraft:cobblestone_stairs":48,"minecraft:emerald":45,"minecraft:deepslate_tile_stairs":1,"minecraft:dirt":128,"minecraft:redstone_lamp":64,"minecraft:netherite_scrap":21,"minecraft:stone_button":1,"advancednetherite:netherite_diamond_ingot":1,"sophisticatedbackpacks:netherite_backpack":1,"minecraft:pumpkin_pie":64,"minecraft:wooden_sword":1,"minecraft:gold_nugget":1,"minecraft:bone_meal":2,"minecraft:polished_blackstone_bricks":1,"advancednetherite:netherite_gold_ingot":2,"minecraft:fishing_rod":5,"minecraft:gold_ingot":22,"minecraft:gravel":32,"minecraft:crimson_fungus":3,"sophisticatedbackpacks:advanced_magnet_upgrade":1,"minecraft:iron_nugget":4,"minecraft:cobbled_deepslate":51,"minecraft:black_carpet":1,"minecraft:netherite_sword":1,"minecraft:rotten_flesh":7,"minecraft:carrot":1,"minecraft:salmon":1,"alexsmobs:cachalot_whale_tooth":3,"sophisticatedbackpacks:diamond_backpack":1,"minecraft:poppy":1,"minecraft:leather_chestplate":2,"minecraft:chest":6,"advancednetherite:netherite_diamond_pickaxe":2,"minecraft:stone_brick_stairs":7,"minecraft:netherrack":112,"minecraft:iron_ingot":94,"minecraft:bread":1002,"minecraft:wheat_seeds":798,"minecraft:tnt":1347,"sophisticatedbackpacks:auto_smoking_upgrade":1,"minecraft:bookshelf":128,"minecraft:diamond_leggings":1,"minecraft:cobblestone":1106,"minecraft:granite":61,"minecraft:spruce_button":2,"minecraft:copper_ingot":2,"minecraft:coal_block":128,"minecraft:stick":1,"minecraft:iron_block":3,"minecraft:diamond_horse_armor":1,"minecraft:diorite":57,"minecraft:torch":100,"advancednetherite:netherite_diamond_axe":1,"minecraft:diamond_helmet":1,"sophisticatedbackpacks:xp_pump_upgrade":1,"minecraft:iron_leggings":1,"sophisticatedbackpacks:advanced_tool_swapper_upgrade":1,"advancednetherite:netherite_diamond_shovel":1,"minecraft:chainmail_leggings":12,"minecraft:string":4,"minecraft:bucket":2,"sophisticatedbackpacks:advanced_filter_upgrade":1,"minecraft:spruce_sapling":7,"minecraft:smooth_basalt":9,"minecraft:farmland":1,"alexsmobs:acacia_blossom":1,"minecraft:netherite_ingot":1,"minecraft:raw_iron":12,"minecraft:stone_shovel":9,"minecraft:wither_skeleton_skull":1,"minecraft:ender_eye":4,"minecraft:iron_boots":15,"sophisticatedbackpacks:backpack":1,"advancednetherite:netherite_iron_ingot":1,"minecraft:flint_and_steel":1,"advancednetherite:netherite_emerald_ingot":2,"minecraft:stone":3,"alexsmobs:cockroach_wing_fragment":12,"minecraft:diamond_chestplate":1,"minecraft:netherite_block":2,"minecraft:spruce_planks":252,"minecraft:iron_chestplate":3,"minecraft:andesite":65,"minecraft:purple_bed":23,"minecraft:golden_sword":3,"minecraft:spider_eye":1,"minecraft:spruce_log":2272,"minecraft:diamond_boots":1,"sophisticatedbackpacks:copper_backpack":1,"minecraft:calcite":16,"minecraft:black_wool":1},"minecraft:custom":{"minecraft:animals_bred":2,"minecraft:interact_with_crafting_table":129,"minecraft:open_barrel":5,"minecraft:bell_ring":97,"minecraft:leave_game":8,"minecraft:time_since_death":93331,"minecraft:sprint_one_cm":1896546,"minecraft:damage_blocked_by_shield":2834,"minecraft:drop":381,"minecraft:talked_to_villager":287,"minecraft:play_time":1359116,"minecraft:deaths":52,"minecraft:jump":13205,"minecraft:walk_on_water_one_cm":242330,"minecraft:enchant_item":50,"minecraft:interact_with_furnace":33,"minecraft:traded_with_villager":362,"minecraft:interact_with_loom":16,"minecraft:sleep_in_bed":21,"minecraft:damage_dealt":81297,"minecraft:player_kills":1,"minecraft:crouch_one_cm":180069,"minecraft:inspect_dispenser":18,"minecraft:interact_with_smithing_table":6,"minecraft:interact_with_anvil":22,"minecraft:mob_kills":407,"minecraft:climb_one_cm":1846,"minecraft:walk_one_cm":4426793,"minecraft:sneak_time":48323,"minecraft:walk_under_water_one_cm":616552,"minecraft:boat_one_cm":629662,"minecraft:interact_with_blast_furnace":52,"minecraft:total_world_time":1359116,"minecraft:interact_with_grindstone":2,"minecraft:interact_with_stonecutter":9,"minecraft:time_since_rest":93365,"minecraft:damage_taken":24685,"minecraft:swim_one_cm":245944,"minecraft:fly_one_cm":2161994,"minecraft:open_chest":183,"minecraft:fall_one_cm":233580},"minecraft:used":{"minecraft:peony":1,"minecraft:nether_brick_fence":2,"minecraft:iron_shovel":250,"minecraft:dispenser":5,"minecraft:spruce_slab":458,"minecraft:shield":69,"minecraft:ladder":3,"minecraft:poppy":1,"minecraft:diamond_hoe":62,"minecraft:black_carpet":10,"minecraft:rotten_flesh":30,"minecraft:chest":60,"minecraft:iron_sword":342,"minecraft:stone":845,"minecraft:bell":10,"minecraft:farmland":70,"minecraft:spruce_leaves":112,"minecraft:iron_chestplate":2,"minecraft:nether_bricks":52,"minecraft:carrot":51,"minecraft:tuff":283,"minecraft:obsidian":16,"sophisticatedbackpacks:diamond_backpack":3,"minecraft:glass":71,"minecraft:lava_bucket":10,"alexsmobs:lobster_tail":1,"minecraft:villager_spawn_egg":13,"minecraft:spruce_wood":14,"minecraft:lantern":2,"minecraft:iron_helmet":1,"minecraft:spruce_hanging_sign":3,"minecraft:stone_brick_stairs":15,"minecraft:stone_bricks":51,"minecraft:red_carpet":21,"minecraft:bow":93,"minecraft:sweet_berries":19,"minecraft:furnace":3,"minecraft:golden_boots":9,"minecraft:chiseled_polished_blackstone":3,"minecraft:diorite":85,"minecraft:wither_skeleton_skull":2,"minecraft:diamond_boots":7,"minecraft:spruce_door":3,"minecraft:oak_planks":37,"advancednetherite:netherite_diamond_axe":1251,"minecraft:powered_rail":9,"minecraft:blackstone":59,"minecraft:composter":2,"minecraft:blue_bed":4,"minecraft:cookie":64,"minecraft:glow_berries":1,"minecraft:sand":4,"minecraft:crossbow":11,"minecraft:blast_furnace":3,"minecraft:sponge":284,"minecraft:black_bed":2,"minecraft:deepslate_tiles":152,"minecraft:redstone_torch":3,"sophisticatedbackpacks:backpack":3,"minecraft:bread":189,"minecraft:stone_button":13,"minecraft:string":4,"minecraft:lectern":2,"minecraft:gravel":5,"minecraft:diamond_sword":208,"minecraft:wooden_sword":20,"minecraft:grindstone":19,"minecraft:smithing_table":9,"minecraft:andesite":462,"minecraft:oak_boat":16,"minecraft:bone_meal":402,"minecraft:flint_and_steel":113,"minecraft:enchanting_table":1,"alexscaves:spawn_egg_gammaroach":1,"minecraft:armor_stand":2,"minecraft:stone_shovel":176,"minecraft:redstone":5,"minecraft:spruce_planks":3385,"advancednetherite:netherite_diamond_hoe":461,"alexsmobs:spawn_egg_cockroach":53,"minecraft:stone_hoe":133,"minecraft:cooked_chicken":1,"minecraft:netherrack":701,"minecraft:torch":252,"minecraft:brewing_stand":1,"minecraft:ancient_debris":1,"minecraft:dirt":343,"minecraft:anvil":4,"minecraft:white_carpet":21,"minecraft:spruce_stairs":247,"minecraft:spruce_fence":13,"alexscaves:spawn_egg_nucleeper":3,"minecraft:granite":150,"advancednetherite:netherite_diamond_pickaxe":15168,"minecraft:wooden_axe":154,"minecraft:bookshelf":148,"minecraft:light_gray_stained_glass":4,"minecraft:iron_axe":492,"minecraft:oak_stairs":11,"minecraft:spruce_button":5,"minecraft:barrel":2,"minecraft:glowstone":8,"advancednetherite:netherite_diamond_shovel":322,"minecraft:black_stained_glass":54,"alexsmobs:lobster_bucket":9,"minecraft:deepslate_tile_stairs":26,"minecraft:cobbled_deepslate":83,"minecraft:acacia_planks":6,"minecraft:iron_leggings":1,"minecraft:wheat_seeds":693,"minecraft:cooked_mutton":9,"minecraft:water_bucket":380,"minecraft:cobblestone_stairs":179,"minecraft:spruce_fence_gate":3,"minecraft:fletching_table":6,"minecraft:stonecutter":1,"alexsmobs:spawn_egg_farseer":1,"minecraft:mossy_cobblestone":2,"minecraft:rail":5,"minecraft:tnt":808,"minecraft:crafting_table":19,"minecraft:spider_eye":2,"minecraft:spruce_log":696,"alexscaves:spawn_egg_brainiac":1,"minecraft:apple":8,"minecraft:diamond_shovel":118,"minecraft:iron_pickaxe":505,"minecraft:gray_candle":5,"minecraft:spruce_trapdoor":171,"minecraft:blue_carpet":10,"minecraft:pink_bed":14,"minecraft:cobblestone":4683,"minecraft:purple_bed":109,"minecraft:porkchop":3,"minecraft:bucket":392,"minecraft:glass_pane":22,"alexsmobs:animal_dictionary":2,"minecraft:stripped_oak_log":7,"minecraft:kelp":1,"minecraft:purple_carpet":21}},"DataVersion":3465}